"0","# Install missing packages automatically"
"0","required_packages <- c("
"0","  ""here"", ""readxl"", ""dplyr"", ""tidyr"", ""stringr"", ""purrr"","
"0","  ""ggplot2"", ""ggpubr"", ""ggcorrplot"","
"0","  ""lme4"", ""lmerTest"", ""emmeans"", ""effectsize"""
"0",")"
"0",""
"0","installed <- rownames(installed.packages())"
"0","to_install <- required_packages[!required_packages %in% installed]"
"0","if (length(to_install) > 0) install.packages(to_install)"
"0",""
"0","invisible(lapply(required_packages, library, character.only = TRUE))"
