"0","avail_cols <- paste0("
"0","  c(""left_hand_vertical"", ""right_hand_vertical"","
"0","    ""left_hand_horizontal"", ""right_hand_horizontal"","
"0","    ""swaying"", ""sideways"","
"0","    ""head_horizontal"", ""head_vertical"","
"0","    ""left_foot_horizontal"", ""right_foot_horizontal""),"
"0","  ""_available"""
"0",")"
"0",""
"0","df_metrics %>%"
"0","  group_by(group) %>%"
"0","  summarise(across(all_of(avail_cols[avail_cols %in% colnames(df_metrics)]), sum)) %>%"
"0","  rename_with(~str_remove(., ""_available"")) %>%"
"0","  knitr::kable(caption = ""Number of participants with signal available, by group"")"
