"0","sessionInfo()"
"1","R version 4.5.2 (2025-10-31 ucrt)"
"1",""
"1","
"
"1","Platform: "
"1",""
"1","x86_64-w64-mingw32/x64"
"1",""
"1","
"
"1","Running under: "
"1",""
"1","Windows 10 x64 (build 19045)"
"1",""
"1","
"
"1","
"
"1","Matrix products: "
"1",""
"1","default"
"1",""
"1","
"
"1","  LAPACK version"
"1"," "
"1","3.12.1"
"1","

"
"1","locale:
"
"1","[1]"
"1"," LC_COLLATE=French_France.utf8 "
"1"," LC_CTYPE=French_France.utf8   "
"1","
"
"1","[3]"
"1"," LC_MONETARY=French_France.utf8"
"1"," LC_NUMERIC=C                  "
"1","
"
"1","[5]"
"1"," LC_TIME=French_France.utf8    "
"1","
"
"1","
"
"1","time zone: "
"1",""
"1","Europe/Paris"
"1",""
"1","
"
"1","tzcode source: "
"1",""
"1","internal"
"1",""
"1","
"
"1","
"
"1","attached base packages:
"
"1","[1]"
"1"," stats    "
"1"," graphics "
"1"," grDevices"
"1"," utils    "
"1"," datasets "
"1"," methods  "
"1"," base     "
"1","
"
"1","
other attached packages:
"
"1"," [1]"
"1"," here_1.0.2        "
"1"," car_3.1-3         "
"1"," carData_3.0-5     "
"1"," ggcorrplot_0.1.4.1"
"1","
"
"1"," [5]"
"1"," psych_2.6.1       "
"1"," gridExtra_2.3     "
"1"," patchwork_1.3.2   "
"1"," clubSandwich_0.6.2"
"1","
"
"1"," [9]"
"1"," effectsize_1.0.1  "
"1"," sjstats_0.19.1    "
"1"," sjPlot_2.9.0      "
"1"," DescTools_0.99.60 "
"1","
"
"1","[13]"
"1"," jtools_2.3.1      "
"1"," lmerTest_3.2-0    "
"1"," lme4_1.1-38       "
"1"," Matrix_1.7-4      "
"1","
"
"1","[17]"
"1"," haven_2.5.5       "
"1"," lubridate_1.9.5   "
"1"," forcats_1.0.1     "
"1"," purrr_1.2.0       "
"1","
"
"1","[21]"
"1"," readr_2.2.0       "
"1"," tibble_3.3.0      "
"1"," tidyverse_2.0.0   "
"1"," easypackages_0.1.0"
"1","
"
"1","[25]"
"1"," emmeans_2.0.1     "
"1"," ggpubr_0.6.3      "
"1"," ggplot2_4.0.1     "
"1"," tidyr_1.3.1       "
"1","
"
"1","[29]"
"1"," openxlsx_4.2.8.1  "
"1"," stringr_1.6.0     "
"1"," dplyr_1.1.4       "
"1"," readxl_1.4.5      "
"1","
"
"1","
loaded via a namespace (and not attached):
"
"1","  [1]"
"1"," RColorBrewer_1.1-3 "
"1"," rstudioapi_0.18.0  "
"1"," datawizard_1.3.0   "
"1","
"
"1","  [4]"
"1"," magrittr_2.0.4     "
"1"," estimability_1.5.1 "
"1"," farver_2.1.2       "
"1","
"
"1","  [7]"
"1"," nloptr_2.2.1       "
"1"," rmarkdown_2.30     "
"1"," ragg_1.5.0         "
"1","
"
"1"," [10]"
"1"," fs_1.6.6           "
"1"," vctrs_0.6.5        "
"1"," memoise_2.0.1      "
"1","
"
"1"," [13]"
"1"," minqa_1.2.8        "
"1"," base64enc_0.1-3    "
"1"," rstatix_0.7.3      "
"1","
"
"1"," [16]"
"1"," htmltools_0.5.9    "
"1"," usethis_3.2.1      "
"1"," broom_1.0.11       "
"1","
"
"1"," [19]"
"1"," cellranger_1.1.0   "
"1"," Formula_1.2-5      "
"1"," parallelly_1.46.1  "
"1","
"
"1"," [22]"
"1"," htmlwidgets_1.6.4  "
"1"," plyr_1.8.9         "
"1"," pbkrtest_0.5.5     "
"1","
"
"1"," [25]"
"1"," sandwich_3.1-1     "
"1"," rootSolve_1.8.2.4  "
"1"," zoo_1.8-14         "
"1","
"
"1"," [28]"
"1"," cachem_1.1.0       "
"1"," lifecycle_1.0.4    "
"1"," pkgconfig_2.0.3    "
"1","
"
"1"," [31]"
"1"," R6_2.6.1           "
"1"," fastmap_1.2.0      "
"1"," rbibutils_2.4      "
"1","
"
"1"," [34]"
"1"," future_1.69.0      "
"1"," digest_0.6.39      "
"1"," Exact_3.3          "
"1","
"
"1"," [37]"
"1"," numDeriv_2016.8-1.1"
"1"," colorspace_2.1-2   "
"1"," furrr_0.3.1        "
"1","
"
"1"," [40]"
"1"," rprojroot_2.1.1    "
"1"," pkgload_1.5.0      "
"1"," textshaping_1.0.4  "
"1","
"
"1"," [43]"
"1"," Hmisc_5.2-5        "
"1"," labeling_0.4.3     "
"1"," timechange_0.4.0   "
"1","
"
"1"," [46]"
"1"," httr_1.4.8         "
"1"," abind_1.4-8        "
"1"," compiler_4.5.2     "
"1","
"
"1"," [49]"
"1"," proxy_0.4-29       "
"1"," remotes_2.5.0      "
"1"," withr_3.0.2        "
"1","
"
"1"," [52]"
"1"," pander_0.6.6       "
"1"," htmlTable_2.4.3    "
"1"," S7_0.2.1           "
"1","
"
"1"," [55]"
"1"," backports_1.5.0    "
"1"," performance_0.16.0 "
"1"," pkgbuild_1.4.8     "
"1","
"
"1"," [58]"
"1"," broom.mixed_0.2.9.7"
"1"," ggsignif_0.6.4     "
"1"," MASS_7.3-65        "
"1","
"
"1"," [61]"
"1"," sessioninfo_1.2.3  "
"1"," gld_2.6.8          "
"1"," tools_4.5.2        "
"1","
"
"1"," [64]"
"1"," foreign_0.8-90     "
"1"," zip_2.3.3          "
"1"," nnet_7.3-20        "
"1","
"
"1"," [67]"
"1"," glue_1.8.0         "
"1"," nlme_3.1-168       "
"1"," grid_4.5.2         "
"1","
"
"1"," [70]"
"1"," checkmate_2.3.4    "
"1"," reshape2_1.4.5     "
"1"," cluster_2.1.8.1    "
"1","
"
"1"," [73]"
"1"," generics_0.1.4     "
"1"," gtable_0.3.6       "
"1"," tzdb_0.5.0         "
"1","
"
"1"," [76]"
"1"," class_7.3-23       "
"1"," data.table_1.18.2.1"
"1"," lmom_3.2           "
"1","
"
"1"," [79]"
"1"," hms_1.1.4          "
"1"," utf8_1.2.6         "
"1"," pillar_1.11.1      "
"1","
"
"1"," [82]"
"1"," splines_4.5.2      "
"1"," lattice_0.22-7     "
"1"," tidyselect_1.2.1   "
"1","
"
"1"," [85]"
"1"," knitr_1.50         "
"1"," reformulas_0.4.2   "
"1"," xfun_0.54          "
"1","
"
"1"," [88]"
"1"," expm_1.0-0         "
"1"," devtools_2.4.6     "
"1"," stringi_1.8.7      "
"1","
"
"1"," [91]"
"1"," yaml_2.3.11        "
"1"," boot_1.3-32        "
"1"," evaluate_1.0.5     "
"1","
"
"1"," [94]"
"1"," codetools_0.2-20   "
"1"," cli_3.6.5          "
"1"," rpart_4.1.24       "
"1","
"
"1"," [97]"
"1"," systemfonts_1.3.1  "
"1"," xtable_1.8-8       "
"1"," parameters_0.28.3  "
"1","
"
"1","[100]"
"1"," Rdpack_2.6.4       "
"1"," Rcpp_1.1.0         "
"1"," globals_0.19.0     "
"1","
"
"1","[103]"
"1"," coda_0.19-4.1      "
"1"," parallel_4.5.2     "
"1"," ellipsis_0.3.2     "
"1","
"
"1","[106]"
"1"," assertthat_0.2.1   "
"1"," bayestestR_0.17.0  "
"1"," listenv_0.10.0     "
"1","
"
"1","[109]"
"1"," mvtnorm_1.3-3      "
"1"," scales_1.4.0       "
"1"," e1071_1.7-17       "
"1","
"
"1","[112]"
"1"," crayon_1.5.3       "
"1"," insight_1.4.6      "
"1"," rlang_1.1.6        "
"1","
"
"1","[115]"
"1"," mnormt_2.1.2       "
"1","
"
