"0","```r
attributes = c(\"Attractive\", \"Intelligent\", \"Awkward\", \"Confident\", \"Dominant\", \"Conversation\", \"Time\", \"Live Nearby\", \"Seated\")
post_hoc_results = list()

combined_impressions$Type = factor(combined_impressions$Type)
combined_impressions$Dataset = factor(combined_impressions$Dataset)
combined_impressions$Impression = factor(combined_impressions$Impression)

for (attr in attributes) {
  filtered_data = combined_impressions[combined_impressions$Impression == attr, ]
  if (nrow(filtered_data) > 0) {
    model_attr = lmerTest::lmer(Score ~ interaction(Type, Dataset, Impression) + (1|CASE), data = filtered_data)
    cat(\"Model summary for attribute:\", attr, \"\n\")
    print(summary(model_attr))
    cat(\"\n\")
    emmeans_result = emmeans(model_attr, ~ interaction(Type, Dataset, Impression), adjust = \"Tukey\", CIs = TRUE, 
                              pbkrtest.limit = 4800, lmerTest.limit = 4800, lmer.df = \"satterthwaite\")
    post_hoc_comparisons = pairs(emmeans_result)
    ci_post_hoc = confint(post_hoc_comparisons)
    
    model_attr_df = as.data.frame(post_hoc_comparisons)
    ci_attr_df = as.data.frame(ci_post_hoc)
    
    model_attr_df$CI_lower = ci_attr_df$lower.CL
    model_attr_df$CI_upper = ci_attr_df$upper.CL
    
    sigma_residual_attr = car::sigmaHat(model_attr)
    model_attr_df$d = model_attr_df$estimate / sigma_residual_attr
    
    post_hoc_results[[attr]] = model_attr_df
  } else {
    cat(\"No data for attribute:\", attr, \"\n\")
  }
}
```"
"1","Model summary for attribute: Attractive 
Linear mixed model fit by REML. t-tests use Satterthwaite's method [
lmerModLmerTest]
Formula: Score ~ interaction(Type, Dataset, Impression) + (1 | CASE)
   Data: filtered_data

REML criterion at convergence: 26643.8

Scaled residuals: 
    Min      1Q  Median      3Q     Max 
-3.7582 -0.5660  0.0039  0.6203  3.0811 

Random effects:
 Groups   Name        Variance Std.Dev.
 CASE     (Intercept)  91       9.54   
 Residual             376      19.39   
Number of obs: 2999, groups:  CASE, 300

Fixed effects:
                                                                   Estimate
(Intercept)                                                          58.504
interaction(Type, Dataset, Impression)Patient.Dataset_1.Attractive   -5.888
interaction(Type, Dataset, Impression)Healthy.Dataset_2.Attractive   -1.249
interaction(Type, Dataset, Impression)Patient.Dataset_2.Attractive   -7.730
interaction(Type, Dataset, Impression)Healthy.Dataset_3.Attractive    2.134
interaction(Type, Dataset, Impression)Patient.Dataset_3.Attractive    2.808
                                                                   Std. Error
(Intercept)                                                             1.289
interaction(Type, Dataset, Impression)Patient.Dataset_1.Attractive      1.226
interaction(Type, Dataset, Impression)Healthy.Dataset_2.Attractive      1.824
interaction(Type, Dataset, Impression)Patient.Dataset_2.Attractive      1.823
interaction(Type, Dataset, Impression)Healthy.Dataset_3.Attractive      1.823
interaction(Type, Dataset, Impression)Patient.Dataset_3.Attractive      1.823
                                                                         df
(Intercept)                                                         491.442
interaction(Type, Dataset, Impression)Patient.Dataset_1.Attractive 2696.060
interaction(Type, Dataset, Impression)Healthy.Dataset_2.Attractive  491.883
interaction(Type, Dataset, Impression)Patient.Dataset_2.Attractive  491.442
interaction(Type, Dataset, Impression)Healthy.Dataset_3.Attractive  491.442
interaction(Type, Dataset, Impression)Patient.Dataset_3.Attractive  491.442
                                                                   t value
(Intercept)                                                         45.379
interaction(Type, Dataset, Impression)Patient.Dataset_1.Attractive  -4.801
interaction(Type, Dataset, Impression)Healthy.Dataset_2.Attractive  -0.685
interaction(Type, Dataset, Impression)Patient.Dataset_2.Attractive  -4.240
interaction(Type, Dataset, Impression)Healthy.Dataset_3.Attractive   1.170
interaction(Type, Dataset, Impression)Patient.Dataset_3.Attractive   1.540
                                                                   Pr(>|t|)
(Intercept)                                                         < 2e-16
interaction(Type, Dataset, Impression)Patient.Dataset_1.Attractive 1.67e-06
interaction(Type, Dataset, Impression)Healthy.Dataset_2.Attractive    0.494
interaction(Type, Dataset, Impression)Patient.Dataset_2.Attractive 2.67e-05
interaction(Type, Dataset, Impression)Healthy.Dataset_3.Attractive    0.242
interaction(Type, Dataset, Impression)Patient.Dataset_3.Attractive    0.124
                                                                      
(Intercept)                                                        ***
interaction(Type, Dataset, Impression)Patient.Dataset_1.Attractive ***
interaction(Type, Dataset, Impression)Healthy.Dataset_2.Attractive    
interaction(Type, Dataset, Impression)Patient.Dataset_2.Attractive ***
interaction(Type, Dataset, Impression)Healthy.Dataset_3.Attractive    
interaction(Type, Dataset, Impression)Patient.Dataset_3.Attractive    
---
Signif. codes:  0 ‘***’ 0.001 ‘**’ 0.01 ‘*’ 0.05 ‘.’ 0.1 ‘ ’ 1

Correlation of Fixed Effects:
              (Intr) i(T,D,I)P.D_1 i(T,D,I)H.D_2 i(T,D,I)P.D_2
i(T,D,I)P.D_1 -0.476                                          
i(T,D,I)H.D_2 -0.707  0.336                                   
i(T,D,I)P.D_2 -0.707  0.336         0.774                     
i(T,D,I)H.D_3 -0.707  0.336         0.500         0.500       
i(T,D,I)P.D_3 -0.707  0.336         0.500         0.500       
              i(T,D,I)H.D_3
i(T,D,I)P.D_1              
i(T,D,I)H.D_2              
i(T,D,I)P.D_2              
i(T,D,I)H.D_3              
i(T,D,I)P.D_3  0.774       
"
"1","Avis : la variable 'Type' n'est pas un facteurAvis : la variable 'Dataset' n'est pas un facteurAvis : la variable 'Impression' n'est pas un facteur
"
"1","Model summary for attribute: Intelligent 
Linear mixed model fit by REML. t-tests use Satterthwaite's method [
lmerModLmerTest]
Formula: Score ~ interaction(Type, Dataset, Impression) + (1 | CASE)
   Data: filtered_data

REML criterion at convergence: 25375.7

Scaled residuals: 
    Min      1Q  Median      3Q     Max 
-4.2673 -0.4487 -0.0258  0.5007  3.3946 

Random effects:
 Groups   Name        Variance Std.Dev.
 CASE     (Intercept) 116.6    10.80   
 Residual             232.8    15.26   
Number of obs: 2999, groups:  CASE, 300

Fixed effects:
                                                                    Estimate
(Intercept)                                                           56.456
interaction(Type, Dataset, Impression)Patient.Dataset_1.Intelligent   -2.056
interaction(Type, Dataset, Impression)Healthy.Dataset_2.Intelligent    0.922
interaction(Type, Dataset, Impression)Patient.Dataset_2.Intelligent   -1.274
interaction(Type, Dataset, Impression)Healthy.Dataset_3.Intelligent    4.460
interaction(Type, Dataset, Impression)Patient.Dataset_3.Intelligent    3.808
                                                                    Std. Error
(Intercept)                                                              1.277
interaction(Type, Dataset, Impression)Patient.Dataset_1.Intelligent      0.965
interaction(Type, Dataset, Impression)Healthy.Dataset_2.Intelligent      1.807
interaction(Type, Dataset, Impression)Patient.Dataset_2.Intelligent      1.806
interaction(Type, Dataset, Impression)Healthy.Dataset_3.Intelligent      1.806
interaction(Type, Dataset, Impression)Patient.Dataset_3.Intelligent      1.806
                                                                          df
(Intercept)                                                          402.841
interaction(Type, Dataset, Impression)Patient.Dataset_1.Intelligent 2696.034
interaction(Type, Dataset, Impression)Healthy.Dataset_2.Intelligent  403.082
interaction(Type, Dataset, Impression)Patient.Dataset_2.Intelligent  402.841
interaction(Type, Dataset, Impression)Healthy.Dataset_3.Intelligent  402.841
interaction(Type, Dataset, Impression)Patient.Dataset_3.Intelligent  402.841
                                                                    t value
(Intercept)                                                          44.198
interaction(Type, Dataset, Impression)Patient.Dataset_1.Intelligent  -2.131
interaction(Type, Dataset, Impression)Healthy.Dataset_2.Intelligent   0.510
interaction(Type, Dataset, Impression)Patient.Dataset_2.Intelligent  -0.705
interaction(Type, Dataset, Impression)Healthy.Dataset_3.Intelligent   2.469
interaction(Type, Dataset, Impression)Patient.Dataset_3.Intelligent   2.108
                                                                    Pr(>|t|)
(Intercept)                                                           <2e-16
interaction(Type, Dataset, Impression)Patient.Dataset_1.Intelligent   0.0332
interaction(Type, Dataset, Impression)Healthy.Dataset_2.Intelligent   0.6101
interaction(Type, Dataset, Impression)Patient.Dataset_2.Intelligent   0.4811
interaction(Type, Dataset, Impression)Healthy.Dataset_3.Intelligent   0.0140
interaction(Type, Dataset, Impression)Patient.Dataset_3.Intelligent   0.0356
                                                                       
(Intercept)                                                         ***
interaction(Type, Dataset, Impression)Patient.Dataset_1.Intelligent *  
interaction(Type, Dataset, Impression)Healthy.Dataset_2.Intelligent    
interaction(Type, Dataset, Impression)Patient.Dataset_2.Intelligent    
interaction(Type, Dataset, Impression)Healthy.Dataset_3.Intelligent *  
interaction(Type, Dataset, Impression)Patient.Dataset_3.Intelligent *  
---
Signif. codes:  0 ‘***’ 0.001 ‘**’ 0.01 ‘*’ 0.05 ‘.’ 0.1 ‘ ’ 1

Correlation of Fixed Effects:
              (Intr) i(T,D,I)P.D_1 i(T,D,I)H.D_2 i(T,D,I)P.D_2
i(T,D,I)P.D_1 -0.378                                          
i(T,D,I)H.D_2 -0.707  0.267                                   
i(T,D,I)P.D_2 -0.707  0.267         0.857                     
i(T,D,I)H.D_3 -0.707  0.267         0.500         0.500       
i(T,D,I)P.D_3 -0.707  0.267         0.500         0.500       
              i(T,D,I)H.D_3
i(T,D,I)P.D_1              
i(T,D,I)H.D_2              
i(T,D,I)P.D_2              
i(T,D,I)H.D_3              
i(T,D,I)P.D_3  0.857       
"
"1","Avis : la variable 'Type' n'est pas un facteurAvis : la variable 'Dataset' n'est pas un facteurAvis : la variable 'Impression' n'est pas un facteur
"
"1","Model summary for attribute: Awkward 
Linear mixed model fit by REML. t-tests use Satterthwaite's method [
lmerModLmerTest]
Formula: Score ~ interaction(Type, Dataset, Impression) + (1 | CASE)
   Data: filtered_data

REML criterion at convergence: 27436

Scaled residuals: 
    Min      1Q  Median      3Q     Max 
-2.6191 -0.6841 -0.1118  0.6298  3.7235 

Random effects:
 Groups   Name        Variance Std.Dev.
 CASE     (Intercept) 128.5    11.34   
 Residual             487.0    22.07   
Number of obs: 2999, groups:  CASE, 300

Fixed effects:
                                                                Estimate
(Intercept)                                                       33.030
interaction(Type, Dataset, Impression)Patient.Dataset_1.Awkward    9.734
interaction(Type, Dataset, Impression)Healthy.Dataset_2.Awkward    2.604
interaction(Type, Dataset, Impression)Patient.Dataset_2.Awkward   17.912
interaction(Type, Dataset, Impression)Healthy.Dataset_3.Awkward    1.414
interaction(Type, Dataset, Impression)Patient.Dataset_3.Awkward    9.186
                                                                Std. Error
(Intercept)                                                          1.503
interaction(Type, Dataset, Impression)Patient.Dataset_1.Awkward      1.396
interaction(Type, Dataset, Impression)Healthy.Dataset_2.Awkward      2.126
interaction(Type, Dataset, Impression)Patient.Dataset_2.Awkward      2.126
interaction(Type, Dataset, Impression)Healthy.Dataset_3.Awkward      2.126
interaction(Type, Dataset, Impression)Patient.Dataset_3.Awkward      2.126
                                                                      df
(Intercept)                                                      478.679
interaction(Type, Dataset, Impression)Patient.Dataset_1.Awkward 2696.050
interaction(Type, Dataset, Impression)Healthy.Dataset_2.Awkward  479.092
interaction(Type, Dataset, Impression)Patient.Dataset_2.Awkward  478.679
interaction(Type, Dataset, Impression)Healthy.Dataset_3.Awkward  478.679
interaction(Type, Dataset, Impression)Patient.Dataset_3.Awkward  478.679
                                                                t value
(Intercept)                                                      21.976
interaction(Type, Dataset, Impression)Patient.Dataset_1.Awkward   6.974
interaction(Type, Dataset, Impression)Healthy.Dataset_2.Awkward   1.225
interaction(Type, Dataset, Impression)Patient.Dataset_2.Awkward   8.427
interaction(Type, Dataset, Impression)Healthy.Dataset_3.Awkward   0.665
interaction(Type, Dataset, Impression)Patient.Dataset_3.Awkward   4.322
                                                                Pr(>|t|)
(Intercept)                                                      < 2e-16
interaction(Type, Dataset, Impression)Patient.Dataset_1.Awkward 3.85e-12
interaction(Type, Dataset, Impression)Healthy.Dataset_2.Awkward    0.221
interaction(Type, Dataset, Impression)Patient.Dataset_2.Awkward 4.18e-16
interaction(Type, Dataset, Impression)Healthy.Dataset_3.Awkward    0.506
interaction(Type, Dataset, Impression)Patient.Dataset_3.Awkward 1.88e-05
                                                                   
(Intercept)                                                     ***
interaction(Type, Dataset, Impression)Patient.Dataset_1.Awkward ***
interaction(Type, Dataset, Impression)Healthy.Dataset_2.Awkward    
interaction(Type, Dataset, Impression)Patient.Dataset_2.Awkward ***
interaction(Type, Dataset, Impression)Healthy.Dataset_3.Awkward    
interaction(Type, Dataset, Impression)Patient.Dataset_3.Awkward ***
---
Signif. codes:  0 ‘***’ 0.001 ‘**’ 0.01 ‘*’ 0.05 ‘.’ 0.1 ‘ ’ 1

Correlation of Fixed Effects:
              (Intr) i(T,D,I)P.D_1 i(T,D,I)H.D_2 i(T,D,I)P.D_2
i(T,D,I)P.D_1 -0.464                                          
i(T,D,I)H.D_2 -0.707  0.328                                   
i(T,D,I)P.D_2 -0.707  0.328         0.784                     
i(T,D,I)H.D_3 -0.707  0.328         0.500         0.500       
i(T,D,I)P.D_3 -0.707  0.328         0.500         0.500       
              i(T,D,I)H.D_3
i(T,D,I)P.D_1              
i(T,D,I)H.D_2              
i(T,D,I)P.D_2              
i(T,D,I)H.D_3              
i(T,D,I)P.D_3  0.784       
"
"1","Avis : la variable 'Type' n'est pas un facteurAvis : la variable 'Dataset' n'est pas un facteurAvis : la variable 'Impression' n'est pas un facteur
"
"1","Model summary for attribute: Confident 
Linear mixed model fit by REML. t-tests use Satterthwaite's method [
lmerModLmerTest]
Formula: Score ~ interaction(Type, Dataset, Impression) + (1 | CASE)
   Data: filtered_data

REML criterion at convergence: 26125.7

Scaled residuals: 
    Min      1Q  Median      3Q     Max 
-3.6312 -0.5352  0.0078  0.5349  3.3075 

Random effects:
 Groups   Name        Variance Std.Dev.
 CASE     (Intercept)  89.51    9.461  
 Residual             312.46   17.677  
Number of obs: 2999, groups:  CASE, 300

Fixed effects:
                                                                   Estimate
(Intercept)                                                         51.0860
interaction(Type, Dataset, Impression)Patient.Dataset_1.Confident   -2.7680
interaction(Type, Dataset, Impression)Healthy.Dataset_2.Confident   -0.5955
interaction(Type, Dataset, Impression)Patient.Dataset_2.Confident   -7.2940
interaction(Type, Dataset, Impression)Healthy.Dataset_3.Confident    3.2260
interaction(Type, Dataset, Impression)Patient.Dataset_3.Confident    5.6800
                                                                  Std. Error
(Intercept)                                                           1.2329
interaction(Type, Dataset, Impression)Patient.Dataset_1.Confident     1.1180
interaction(Type, Dataset, Impression)Healthy.Dataset_2.Confident     1.7440
interaction(Type, Dataset, Impression)Patient.Dataset_2.Confident     1.7436
interaction(Type, Dataset, Impression)Healthy.Dataset_3.Confident     1.7436
interaction(Type, Dataset, Impression)Patient.Dataset_3.Confident     1.7436
                                                                         df
(Intercept)                                                        467.1279
interaction(Type, Dataset, Impression)Patient.Dataset_1.Confident 2696.0520
interaction(Type, Dataset, Impression)Healthy.Dataset_2.Confident  467.5146
interaction(Type, Dataset, Impression)Patient.Dataset_2.Confident  467.1279
interaction(Type, Dataset, Impression)Healthy.Dataset_3.Confident  467.1279
interaction(Type, Dataset, Impression)Patient.Dataset_3.Confident  467.1279
                                                                  t value
(Intercept)                                                        41.436
interaction(Type, Dataset, Impression)Patient.Dataset_1.Confident  -2.476
interaction(Type, Dataset, Impression)Healthy.Dataset_2.Confident  -0.341
interaction(Type, Dataset, Impression)Patient.Dataset_2.Confident  -4.183
interaction(Type, Dataset, Impression)Healthy.Dataset_3.Confident   1.850
interaction(Type, Dataset, Impression)Patient.Dataset_3.Confident   3.258
                                                                  Pr(>|t|)
(Intercept)                                                        < 2e-16
interaction(Type, Dataset, Impression)Patient.Dataset_1.Confident  0.01335
interaction(Type, Dataset, Impression)Healthy.Dataset_2.Confident  0.73292
interaction(Type, Dataset, Impression)Patient.Dataset_2.Confident 3.43e-05
interaction(Type, Dataset, Impression)Healthy.Dataset_3.Confident  0.06491
interaction(Type, Dataset, Impression)Patient.Dataset_3.Confident  0.00121
                                                                     
(Intercept)                                                       ***
interaction(Type, Dataset, Impression)Patient.Dataset_1.Confident *  
interaction(Type, Dataset, Impression)Healthy.Dataset_2.Confident    
interaction(Type, Dataset, Impression)Patient.Dataset_2.Confident ***
interaction(Type, Dataset, Impression)Healthy.Dataset_3.Confident .  
interaction(Type, Dataset, Impression)Patient.Dataset_3.Confident ** 
---
Signif. codes:  0 ‘***’ 0.001 ‘**’ 0.01 ‘*’ 0.05 ‘.’ 0.1 ‘ ’ 1

Correlation of Fixed Effects:
              (Intr) i(T,D,I)P.D_1 i(T,D,I)H.D_2 i(T,D,I)P.D_2
i(T,D,I)P.D_1 -0.453                                          
i(T,D,I)H.D_2 -0.707  0.321                                   
i(T,D,I)P.D_2 -0.707  0.321         0.794                     
i(T,D,I)H.D_3 -0.707  0.321         0.500         0.500       
i(T,D,I)P.D_3 -0.707  0.321         0.500         0.500       
              i(T,D,I)H.D_3
i(T,D,I)P.D_1              
i(T,D,I)H.D_2              
i(T,D,I)P.D_2              
i(T,D,I)H.D_3              
i(T,D,I)P.D_3  0.794       
"
"1","Avis : la variable 'Type' n'est pas un facteurAvis : la variable 'Dataset' n'est pas un facteurAvis : la variable 'Impression' n'est pas un facteur
"
"1","Model summary for attribute: Dominant 
Linear mixed model fit by REML. t-tests use Satterthwaite's method [
lmerModLmerTest]
Formula: Score ~ interaction(Type, Dataset, Impression) + (1 | CASE)
   Data: filtered_data

REML criterion at convergence: 27338.4

Scaled residuals: 
     Min       1Q   Median       3Q      Max 
-2.68582 -0.68634 -0.05721  0.58086  3.10417 

Random effects:
 Groups   Name        Variance Std.Dev.
 CASE     (Intercept)  91.15    9.547  
 Residual             482.26   21.960  
Number of obs: 2999, groups:  CASE, 300

Fixed effects:
                                                                 Estimate
(Intercept)                                                        44.328
interaction(Type, Dataset, Impression)Patient.Dataset_1.Dominant   -5.328
interaction(Type, Dataset, Impression)Healthy.Dataset_2.Dominant    1.227
interaction(Type, Dataset, Impression)Patient.Dataset_2.Dominant   -5.090
interaction(Type, Dataset, Impression)Healthy.Dataset_3.Dominant    5.990
interaction(Type, Dataset, Impression)Patient.Dataset_3.Dominant   -8.928
                                                                 Std. Error
(Intercept)                                                           1.370
interaction(Type, Dataset, Impression)Patient.Dataset_1.Dominant      1.389
interaction(Type, Dataset, Impression)Healthy.Dataset_2.Dominant      1.938
interaction(Type, Dataset, Impression)Patient.Dataset_2.Dominant      1.937
interaction(Type, Dataset, Impression)Healthy.Dataset_3.Dominant      1.937
interaction(Type, Dataset, Impression)Patient.Dataset_3.Dominant      1.937
                                                                       df
(Intercept)                                                       531.075
interaction(Type, Dataset, Impression)Patient.Dataset_1.Dominant 2696.067
interaction(Type, Dataset, Impression)Healthy.Dataset_2.Dominant  531.603
interaction(Type, Dataset, Impression)Patient.Dataset_2.Dominant  531.075
interaction(Type, Dataset, Impression)Healthy.Dataset_3.Dominant  531.075
interaction(Type, Dataset, Impression)Patient.Dataset_3.Dominant  531.075
                                                                 t value
(Intercept)                                                       32.364
interaction(Type, Dataset, Impression)Patient.Dataset_1.Dominant  -3.836
interaction(Type, Dataset, Impression)Healthy.Dataset_2.Dominant   0.633
interaction(Type, Dataset, Impression)Patient.Dataset_2.Dominant  -2.628
interaction(Type, Dataset, Impression)Healthy.Dataset_3.Dominant   3.092
interaction(Type, Dataset, Impression)Patient.Dataset_3.Dominant  -4.609
                                                                 Pr(>|t|)
(Intercept)                                                       < 2e-16
interaction(Type, Dataset, Impression)Patient.Dataset_1.Dominant 0.000128
interaction(Type, Dataset, Impression)Healthy.Dataset_2.Dominant 0.526734
interaction(Type, Dataset, Impression)Patient.Dataset_2.Dominant 0.008843
interaction(Type, Dataset, Impression)Healthy.Dataset_3.Dominant 0.002090
interaction(Type, Dataset, Impression)Patient.Dataset_3.Dominant 5.07e-06
                                                                    
(Intercept)                                                      ***
interaction(Type, Dataset, Impression)Patient.Dataset_1.Dominant ***
interaction(Type, Dataset, Impression)Healthy.Dataset_2.Dominant    
interaction(Type, Dataset, Impression)Patient.Dataset_2.Dominant ** 
interaction(Type, Dataset, Impression)Healthy.Dataset_3.Dominant ** 
interaction(Type, Dataset, Impression)Patient.Dataset_3.Dominant ***
---
Signif. codes:  0 ‘***’ 0.001 ‘**’ 0.01 ‘*’ 0.05 ‘.’ 0.1 ‘ ’ 1

Correlation of Fixed Effects:
              (Intr) i(T,D,I)P.D_1 i(T,D,I)H.D_2 i(T,D,I)P.D_2
i(T,D,I)P.D_1 -0.507                                          
i(T,D,I)H.D_2 -0.707  0.358                                   
i(T,D,I)P.D_2 -0.707  0.359         0.743                     
i(T,D,I)H.D_3 -0.707  0.359         0.500         0.500       
i(T,D,I)P.D_3 -0.707  0.359         0.500         0.500       
              i(T,D,I)H.D_3
i(T,D,I)P.D_1              
i(T,D,I)H.D_2              
i(T,D,I)P.D_2              
i(T,D,I)H.D_3              
i(T,D,I)P.D_3  0.743       
"
"1","Avis : la variable 'Type' n'est pas un facteurAvis : la variable 'Dataset' n'est pas un facteurAvis : la variable 'Impression' n'est pas un facteur
"
"1","Model summary for attribute: Conversation 
Linear mixed model fit by REML. t-tests use Satterthwaite's method [
lmerModLmerTest]
Formula: Score ~ interaction(Type, Dataset, Impression) + (1 | CASE)
   Data: filtered_data

REML criterion at convergence: 26807.8

Scaled residuals: 
    Min      1Q  Median      3Q     Max 
-3.6841 -0.6268  0.0364  0.6366  3.1759 

Random effects:
 Groups   Name        Variance Std.Dev.
 CASE     (Intercept) 130.7    11.43   
 Residual             387.7    19.69   
Number of obs: 2999, groups:  CASE, 300

Fixed effects:
                                                                      Estimate
(Intercept)                                                            52.4360
interaction(Type, Dataset, Impression)Patient.Dataset_1.Conversation   -5.9920
interaction(Type, Dataset, Impression)Healthy.Dataset_2.Conversation   -0.9179
interaction(Type, Dataset, Impression)Patient.Dataset_2.Conversation   -8.1180
interaction(Type, Dataset, Impression)Healthy.Dataset_3.Conversation    2.9940
interaction(Type, Dataset, Impression)Patient.Dataset_3.Conversation    2.0500
                                                                     Std. Error
(Intercept)                                                              1.4430
interaction(Type, Dataset, Impression)Patient.Dataset_1.Conversation     1.2453
interaction(Type, Dataset, Impression)Healthy.Dataset_2.Conversation     2.0411
interaction(Type, Dataset, Impression)Patient.Dataset_2.Conversation     2.0407
interaction(Type, Dataset, Impression)Healthy.Dataset_3.Conversation     2.0407
interaction(Type, Dataset, Impression)Patient.Dataset_3.Conversation     2.0407
                                                                            df
(Intercept)                                                           445.8542
interaction(Type, Dataset, Impression)Patient.Dataset_1.Conversation 2696.0384
interaction(Type, Dataset, Impression)Healthy.Dataset_2.Conversation  446.1929
interaction(Type, Dataset, Impression)Patient.Dataset_2.Conversation  445.8542
interaction(Type, Dataset, Impression)Healthy.Dataset_3.Conversation  445.8542
interaction(Type, Dataset, Impression)Patient.Dataset_3.Conversation  445.8542
                                                                     t value
(Intercept)                                                           36.339
interaction(Type, Dataset, Impression)Patient.Dataset_1.Conversation  -4.812
interaction(Type, Dataset, Impression)Healthy.Dataset_2.Conversation  -0.450
interaction(Type, Dataset, Impression)Patient.Dataset_2.Conversation  -3.978
interaction(Type, Dataset, Impression)Healthy.Dataset_3.Conversation   1.467
interaction(Type, Dataset, Impression)Patient.Dataset_3.Conversation   1.005
                                                                     Pr(>|t|)
(Intercept)                                                           < 2e-16
interaction(Type, Dataset, Impression)Patient.Dataset_1.Conversation 1.58e-06
interaction(Type, Dataset, Impression)Healthy.Dataset_2.Conversation    0.653
interaction(Type, Dataset, Impression)Patient.Dataset_2.Conversation 8.10e-05
interaction(Type, Dataset, Impression)Healthy.Dataset_3.Conversation    0.143
interaction(Type, Dataset, Impression)Patient.Dataset_3.Conversation    0.316
                                                                        
(Intercept)                                                          ***
interaction(Type, Dataset, Impression)Patient.Dataset_1.Conversation ***
interaction(Type, Dataset, Impression)Healthy.Dataset_2.Conversation    
interaction(Type, Dataset, Impression)Patient.Dataset_2.Conversation ***
interaction(Type, Dataset, Impression)Healthy.Dataset_3.Conversation    
interaction(Type, Dataset, Impression)Patient.Dataset_3.Conversation    
---
Signif. codes:  0 ‘***’ 0.001 ‘**’ 0.01 ‘*’ 0.05 ‘.’ 0.1 ‘ ’ 1

Correlation of Fixed Effects:
              (Intr) i(T,D,I)P.D_1 i(T,D,I)H.D_2 i(T,D,I)P.D_2
i(T,D,I)P.D_1 -0.431                                          
i(T,D,I)H.D_2 -0.707  0.305                                   
i(T,D,I)P.D_2 -0.707  0.305         0.814                     
i(T,D,I)H.D_3 -0.707  0.305         0.500         0.500       
i(T,D,I)P.D_3 -0.707  0.305         0.500         0.500       
              i(T,D,I)H.D_3
i(T,D,I)P.D_1              
i(T,D,I)H.D_2              
i(T,D,I)P.D_2              
i(T,D,I)H.D_3              
i(T,D,I)P.D_3  0.814       
"
"1","Avis : la variable 'Type' n'est pas un facteurAvis : la variable 'Dataset' n'est pas un facteurAvis : la variable 'Impression' n'est pas un facteur
"
"1","Model summary for attribute: Time 
Linear mixed model fit by REML. t-tests use Satterthwaite's method [
lmerModLmerTest]
Formula: Score ~ interaction(Type, Dataset, Impression) + (1 | CASE)
   Data: filtered_data

REML criterion at convergence: 26606.1

Scaled residuals: 
    Min      1Q  Median      3Q     Max 
-2.8440 -0.5917 -0.0034  0.5768  3.6999 

Random effects:
 Groups   Name        Variance Std.Dev.
 CASE     (Intercept) 125.0    11.18   
 Residual             361.7    19.02   
Number of obs: 2999, groups:  CASE, 300

Fixed effects:
                                                             Estimate
(Intercept)                                                    48.928
interaction(Type, Dataset, Impression)Patient.Dataset_1.Time   -6.154
interaction(Type, Dataset, Impression)Healthy.Dataset_2.Time   -2.619
interaction(Type, Dataset, Impression)Patient.Dataset_2.Time  -10.858
interaction(Type, Dataset, Impression)Healthy.Dataset_3.Time    0.138
interaction(Type, Dataset, Impression)Patient.Dataset_3.Time   -0.834
                                                             Std. Error
(Intercept)                                                       1.405
interaction(Type, Dataset, Impression)Patient.Dataset_1.Time      1.203
interaction(Type, Dataset, Impression)Healthy.Dataset_2.Time      1.987
interaction(Type, Dataset, Impression)Patient.Dataset_2.Time      1.987
interaction(Type, Dataset, Impression)Healthy.Dataset_3.Time      1.987
interaction(Type, Dataset, Impression)Patient.Dataset_3.Time      1.987
                                                                   df
(Intercept)                                                   442.798
interaction(Type, Dataset, Impression)Patient.Dataset_1.Time 2696.028
interaction(Type, Dataset, Impression)Healthy.Dataset_2.Time  443.130
interaction(Type, Dataset, Impression)Patient.Dataset_2.Time  442.798
interaction(Type, Dataset, Impression)Healthy.Dataset_3.Time  442.798
interaction(Type, Dataset, Impression)Patient.Dataset_3.Time  442.798
                                                             t value
(Intercept)                                                   34.831
interaction(Type, Dataset, Impression)Patient.Dataset_1.Time  -5.116
interaction(Type, Dataset, Impression)Healthy.Dataset_2.Time  -1.318
interaction(Type, Dataset, Impression)Patient.Dataset_2.Time  -5.466
interaction(Type, Dataset, Impression)Healthy.Dataset_3.Time   0.069
interaction(Type, Dataset, Impression)Patient.Dataset_3.Time  -0.420
                                                             Pr(>|t|)
(Intercept)                                                   < 2e-16
interaction(Type, Dataset, Impression)Patient.Dataset_1.Time 3.34e-07
interaction(Type, Dataset, Impression)Healthy.Dataset_2.Time    0.188
interaction(Type, Dataset, Impression)Patient.Dataset_2.Time 7.72e-08
interaction(Type, Dataset, Impression)Healthy.Dataset_3.Time    0.945
interaction(Type, Dataset, Impression)Patient.Dataset_3.Time    0.675
                                                                
(Intercept)                                                  ***
interaction(Type, Dataset, Impression)Patient.Dataset_1.Time ***
interaction(Type, Dataset, Impression)Healthy.Dataset_2.Time    
interaction(Type, Dataset, Impression)Patient.Dataset_2.Time ***
interaction(Type, Dataset, Impression)Healthy.Dataset_3.Time    
interaction(Type, Dataset, Impression)Patient.Dataset_3.Time    
---
Signif. codes:  0 ‘***’ 0.001 ‘**’ 0.01 ‘*’ 0.05 ‘.’ 0.1 ‘ ’ 1

Correlation of Fixed Effects:
              (Intr) i(T,D,I)P.D_1 i(T,D,I)H.D_2 i(T,D,I)P.D_2
i(T,D,I)P.D_1 -0.428                                          
i(T,D,I)H.D_2 -0.707  0.303                                   
i(T,D,I)P.D_2 -0.707  0.303         0.817                     
i(T,D,I)H.D_3 -0.707  0.303         0.500         0.500       
i(T,D,I)P.D_3 -0.707  0.303         0.500         0.500       
              i(T,D,I)H.D_3
i(T,D,I)P.D_1              
i(T,D,I)H.D_2              
i(T,D,I)P.D_2              
i(T,D,I)H.D_3              
i(T,D,I)P.D_3  0.817       
"
"1","Avis : la variable 'Type' n'est pas un facteurAvis : la variable 'Dataset' n'est pas un facteurAvis : la variable 'Impression' n'est pas un facteur
"
"1","No data for attribute: Live Nearby 
Model summary for attribute: Seated 
Linear mixed model fit by REML. t-tests use Satterthwaite's method [
lmerModLmerTest]
Formula: Score ~ interaction(Type, Dataset, Impression) + (1 | CASE)
   Data: filtered_data

REML criterion at convergence: 26695.2

Scaled residuals: 
    Min      1Q  Median      3Q     Max 
-3.1098 -0.5393  0.0481  0.6042  4.0582 

Random effects:
 Groups   Name        Variance Std.Dev.
 CASE     (Intercept) 139.0    11.79   
 Residual             370.3    19.24   
Number of obs: 2999, groups:  CASE, 300

Fixed effects:
                                                                Estimate
(Intercept)                                                      56.1780
interaction(Type, Dataset, Impression)Patient.Dataset_1.Seated   -5.8980
interaction(Type, Dataset, Impression)Healthy.Dataset_2.Seated   -0.5576
interaction(Type, Dataset, Impression)Patient.Dataset_2.Seated   -9.6080
interaction(Type, Dataset, Impression)Healthy.Dataset_3.Seated    2.7380
interaction(Type, Dataset, Impression)Patient.Dataset_3.Seated    2.9120
                                                               Std. Error
(Intercept)                                                        1.4596
interaction(Type, Dataset, Impression)Patient.Dataset_1.Seated     1.2170
interaction(Type, Dataset, Impression)Healthy.Dataset_2.Seated     2.0645
interaction(Type, Dataset, Impression)Patient.Dataset_2.Seated     2.0642
interaction(Type, Dataset, Impression)Healthy.Dataset_3.Seated     2.0642
interaction(Type, Dataset, Impression)Patient.Dataset_3.Seated     2.0642
                                                                      df
(Intercept)                                                     432.9772
interaction(Type, Dataset, Impression)Patient.Dataset_1.Seated 2696.0360
interaction(Type, Dataset, Impression)Healthy.Dataset_2.Seated  433.2867
interaction(Type, Dataset, Impression)Patient.Dataset_2.Seated  432.9772
interaction(Type, Dataset, Impression)Healthy.Dataset_3.Seated  432.9772
interaction(Type, Dataset, Impression)Patient.Dataset_3.Seated  432.9772
                                                               t value
(Intercept)                                                     38.489
interaction(Type, Dataset, Impression)Patient.Dataset_1.Seated  -4.846
interaction(Type, Dataset, Impression)Healthy.Dataset_2.Seated  -0.270
interaction(Type, Dataset, Impression)Patient.Dataset_2.Seated  -4.655
interaction(Type, Dataset, Impression)Healthy.Dataset_3.Seated   1.326
interaction(Type, Dataset, Impression)Patient.Dataset_3.Seated   1.411
                                                               Pr(>|t|)
(Intercept)                                                     < 2e-16
interaction(Type, Dataset, Impression)Patient.Dataset_1.Seated 1.33e-06
interaction(Type, Dataset, Impression)Healthy.Dataset_2.Seated    0.787
interaction(Type, Dataset, Impression)Patient.Dataset_2.Seated 4.32e-06
interaction(Type, Dataset, Impression)Healthy.Dataset_3.Seated    0.185
interaction(Type, Dataset, Impression)Patient.Dataset_3.Seated    0.159
                                                                  
(Intercept)                                                    ***
interaction(Type, Dataset, Impression)Patient.Dataset_1.Seated ***
interaction(Type, Dataset, Impression)Healthy.Dataset_2.Seated    
interaction(Type, Dataset, Impression)Patient.Dataset_2.Seated ***
interaction(Type, Dataset, Impression)Healthy.Dataset_3.Seated    
interaction(Type, Dataset, Impression)Patient.Dataset_3.Seated    
---
Signif. codes:  0 ‘***’ 0.001 ‘**’ 0.01 ‘*’ 0.05 ‘.’ 0.1 ‘ ’ 1

Correlation of Fixed Effects:
              (Intr) i(T,D,I)P.D_1 i(T,D,I)H.D_2 i(T,D,I)P.D_2
i(T,D,I)P.D_1 -0.417                                          
i(T,D,I)H.D_2 -0.707  0.295                                   
i(T,D,I)P.D_2 -0.707  0.295         0.826                     
i(T,D,I)H.D_3 -0.707  0.295         0.500         0.500       
i(T,D,I)P.D_3 -0.707  0.295         0.500         0.500       
              i(T,D,I)H.D_3
i(T,D,I)P.D_1              
i(T,D,I)H.D_2              
i(T,D,I)P.D_2              
i(T,D,I)H.D_3              
i(T,D,I)P.D_3  0.826       
"
"1","Avis : la variable 'Type' n'est pas un facteurAvis : la variable 'Dataset' n'est pas un facteurAvis : la variable 'Impression' n'est pas un facteur
"
"0","```r
for (attr in attributes) {
  cat(\"Post-hoc comparisons for attribute:\", attr, \"\n\")
  
  if (!is.null(post_hoc_results[[attr]])) {
    result_attr_df = post_hoc_results[[attr]]
    result_attr_df_final = result_attr_df[, c(\"contrast\", \"estimate\", \"p.value\", \"CI_lower\", \"CI_upper\", \"d\")]
    
    print(result_attr_df_final)
    cat(\"\n\")
  } else {
    cat(\"No results for attribute:\", attr, \"\n\")
  }
}
```"
"1","Post-hoc comparisons for attribute: Attractive 
"
