"0","notebooks_to_render <- c("
"0","  ""notebooks/q_preprocessing.Rmd"","
"0","  ""notebooks/stimuli_premanip.Rmd"","
"0","  ""notebooks/movement_statistics.Rmd"","
"0","  ""notebooks/q_statistics.Rmd"","
"0","  ""notebooks/movement_first_impression.Rmd"""
"0",")"
"0",""
"0","rendered_outputs <- character(length(notebooks_to_render))"
"0",""
"0","for (i in seq_along(notebooks_to_render)) {"
"0","  rendered_outputs[i] <- rmarkdown::render("
"0","    notebooks_to_render[i],"
"0","    envir = new.env(parent = globalenv()),"
"0","    quiet = TRUE"
"0","  )"
"0","}"
"2","Erreur : 'notebook' n’est un object exporté depuis 'namespace:rmarkdown'
"
