group,participant_id,signal,qom_rate
P,P1,hands_horizontal,1.7256637168141593
P,P10,hands_horizontal,1.4754098360655739
P,P11,hands_horizontal,0.7615894039735099
P,P12,hands_horizontal,2.0814977973568283
P,P13,hands_horizontal,0.32894736842105265
P,P14,hands_horizontal,1.657638136511376
P,P15,hands_horizontal,0.487012987012987
P,P16,hands_horizontal,2.207792207792208
P,P17,hands_horizontal,0.06629834254143646
P,P18,hands_horizontal,0.8524590163934426
P,P19,hands_horizontal,0.06535947712418301
P,P2,hands_horizontal,2.9966703662597114
P,P20,hands_horizontal,0.551948051948052
P,P3,hands_horizontal,2.27765726681128
P,P4,hands_horizontal,2.50996015936255
P,P5,hands_horizontal,1.0
P,P6,hands_horizontal,1.9978165938864627
P,P7,hands_horizontal,2.6710097719869705
P,P8,hands_horizontal,2.0824295010845986
P,P9,hands_horizontal,0.16146393972012918
SZ,SZ1,hands_horizontal,0.8450704225352113
SZ,SZ10,hands_horizontal,0.5927552140504939
SZ,SZ11,hands_horizontal,0.33222591362126247
SZ,SZ12,hands_horizontal,0.19933554817275748
SZ,SZ13,hands_horizontal,0.989010989010989
SZ,SZ14,hands_horizontal,0.132013201320132
SZ,SZ15,hands_horizontal,0.5303867403314917
SZ,SZ16,hands_horizontal,0.6319290465631929
SZ,SZ17,hands_horizontal,0.5223068552774756
SZ,SZ18,hands_horizontal,0.3634361233480176
SZ,SZ19,hands_horizontal,0.6571741511500547
SZ,SZ2,hands_horizontal,0.8881578947368421
SZ,SZ20,hands_horizontal,1.1816192560175056
SZ,SZ3,hands_horizontal,1.877496671105193
SZ,SZ4,hands_horizontal,
SZ,SZ5,hands_horizontal,1.7532467532467533
SZ,SZ6,hands_horizontal,1.0253583241455346
SZ,SZ7,hands_horizontal,0.695364238410596
SZ,SZ8,hands_horizontal,0.06607929515418502
SZ,SZ9,hands_horizontal,0.12972972972972974
P,P1,hands_vertical,1.924778761061947
P,P10,hands_vertical,1.6065573770491803
P,P11,hands_vertical,0.8609271523178809
P,P12,hands_vertical,2.511013215859031
P,P13,hands_vertical,0.5592105263157895
P,P14,hands_vertical,1.3651137594799567
P,P15,hands_vertical,0.38961038961038963
P,P16,hands_vertical,1.7532467532467533
P,P17,hands_vertical,0.09944751381215469
P,P18,hands_vertical,1.4754098360655739
P,P19,hands_vertical,0.13071895424836602
P,P2,hands_vertical,2.9633740288568258
P,P20,hands_vertical,0.9090909090909091
P,P3,hands_vertical,2.440347071583514
P,P4,hands_vertical,2.9880478087649402
P,P5,hands_vertical,1.064516129032258
P,P6,hands_vertical,1.539301310043668
P,P7,hands_vertical,2.5407166123778504
P,P8,hands_vertical,1.9197396963123643
P,P9,hands_vertical,0.32292787944025836
SZ,SZ1,hands_vertical,1.722643553629469
SZ,SZ10,hands_vertical,0.6256860592755213
SZ,SZ11,hands_vertical,0.3654485049833887
SZ,SZ12,hands_vertical,0.09966777408637874
SZ,SZ13,hands_vertical,1.4835164835164836
SZ,SZ14,hands_vertical,0.16501650165016502
SZ,SZ15,hands_vertical,0.6629834254143646
SZ,SZ16,hands_vertical,0.7982261640798226
SZ,SZ17,hands_vertical,0.45701849836779107
SZ,SZ18,hands_vertical,0.19823788546255508
SZ,SZ19,hands_vertical,0.7886089813800657
SZ,SZ2,hands_vertical,0.9539473684210527
SZ,SZ20,hands_vertical,1.8052516411378556
SZ,SZ3,hands_vertical,1.5579227696404792
SZ,SZ4,hands_vertical,
SZ,SZ5,hands_vertical,1.883116883116883
SZ,SZ6,hands_vertical,1.0584343991179712
SZ,SZ7,hands_vertical,0.5298013245033113
SZ,SZ8,hands_vertical,0.06607929515418502
SZ,SZ9,hands_vertical,0.2594594594594595
P,P1,head_horizontal,0.497787610619469
P,P1,head_vertical,0.33185840707964603
P,P10,head_horizontal,0.36065573770491804
P,P10,head_vertical,0.6229508196721312
P,P11,head_horizontal,0.7615894039735099
P,P11,head_vertical,0.49668874172185434
P,P12,head_horizontal,0.4955947136563877
P,P12,head_vertical,0.42951541850220265
P,P13,head_horizontal,0.09868421052631579
P,P13,head_vertical,0.19736842105263158
P,P14,head_horizontal,0.19501625135427952
P,P14,head_vertical,0.39003250270855905
P,P15,head_horizontal,0.487012987012987
P,P15,head_vertical,0.42207792207792205
P,P16,head_horizontal,0.487012987012987
P,P16,head_vertical,0.7792207792207793
P,P17,head_horizontal,0.09944751381215469
P,P17,head_vertical,0.03314917127071823
P,P18,head_horizontal,0.6229508196721312
P,P18,head_vertical,0.5245901639344263
P,P19,head_horizontal,0.22875816993464052
P,P19,head_vertical,0.13071895424836602
P,P2,head_horizontal,0.39955604883462814
P,P2,head_vertical,0.8657047724750278
P,P20,head_horizontal,0.2922077922077922
P,P20,head_vertical,0.42207792207792205
P,P3,head_horizontal,0.4880694143167028
P,P3,head_vertical,0.9761388286334056
P,P4,head_horizontal,0.43824701195219123
P,P4,head_vertical,0.4780876494023904
P,P5,head_horizontal,0.1935483870967742
P,P5,head_vertical,0.2903225806451613
P,P6,head_horizontal,0.2947598253275109
P,P6,head_vertical,0.36026200873362446
P,P7,head_horizontal,0.749185667752443
P,P7,head_vertical,0.749185667752443
P,P8,head_horizontal,0.7809110629067245
P,P8,head_vertical,0.6832971800433839
P,P9,head_horizontal,0.25834230355220666
P,P9,head_vertical,0.6458557588805167
SZ,SZ1,head_horizontal,0.2600216684723727
SZ,SZ1,head_vertical,0.7150595882990249
SZ,SZ10,head_horizontal,0.13172338090010977
SZ,SZ10,head_vertical,0.32930845225027444
SZ,SZ11,head_horizontal,0.13289036544850497
SZ,SZ11,head_vertical,0.13289036544850497
SZ,SZ12,head_horizontal,0.03322259136212624
SZ,SZ12,head_vertical,0.33222591362126247
SZ,SZ13,head_horizontal,0.09890109890109891
SZ,SZ13,head_vertical,0.7912087912087913
SZ,SZ14,head_horizontal,0.066006600660066
SZ,SZ14,head_vertical,0.23102310231023102
SZ,SZ15,head_horizontal,0.09944751381215469
SZ,SZ15,head_vertical,0.23204419889502761
SZ,SZ16,head_horizontal,0.36585365853658536
SZ,SZ16,head_vertical,0.3991130820399113
SZ,SZ17,head_horizontal,0.29379760609357997
SZ,SZ17,head_vertical,0.5549510337323178
SZ,SZ18,head_horizontal,0.09911894273127754
SZ,SZ18,head_vertical,0.13215859030837004
SZ,SZ19,head_horizontal,0.09857612267250822
SZ,SZ19,head_vertical,0.32858707557502737
SZ,SZ2,head_horizontal,0.09868421052631579
SZ,SZ2,head_vertical,0.2960526315789474
SZ,SZ20,head_horizontal,0.5908096280087528
SZ,SZ20,head_vertical,0.8862144420131292
SZ,SZ3,head_horizontal,0.3595206391478029
SZ,SZ3,head_vertical,0.5193075898801598
SZ,SZ4,head_horizontal,0.23001095290251916
SZ,SZ4,head_vertical,0.19715224534501644
SZ,SZ5,head_horizontal,0.6168831168831169
SZ,SZ5,head_vertical,0.5844155844155844
SZ,SZ6,head_horizontal,0.2646085997794928
SZ,SZ6,head_vertical,0.9592061742006615
SZ,SZ7,head_horizontal,0.3973509933774835
SZ,SZ7,head_vertical,0.3642384105960265
SZ,SZ8,head_horizontal,0.06607929515418502
SZ,SZ8,head_vertical,0.09911894273127754
SZ,SZ9,head_horizontal,0.032432432432432434
SZ,SZ9,head_vertical,0.12972972972972974
