"0","source(here::here(""sources"", ""stats_impressions.R""))"
"1","=== Model: Total score ===
"
"1","Linear mixed model fit by REML. t-tests use Satterthwaite's method"
"1",""
"1"," ["
"1",""
"1","
"
"1","lmerModLmerTest"
"1",""
"1","]"
"1","
"
"1","Formula:"
"1"," "
"1","Total_score ~ Type + num_video + (1 | CASE)"
"1","
"
"1","   Data:"
"1"," "
"1","df_observers"
"1","
"
"1","
"
"1","REML criterion at convergence:"
"1"," "
"1","11703.2"
"1","
"
"1","
"
"1","Scaled residuals:"
"1"," "
"1","
"
"1","     Min "
"1","      1Q "
"1","  Median "
"1","      3Q "
"1","     Max "
"1","
"
"1","-2.94311 "
"1","-0.61740 "
"1","-0.01789 "
"1"," 0.64776 "
"1"," 2.94561 "
"1","
"
"1","
"
"1","Random effects:
"
"1",""
"1"," Groups  "
"1"," Name       "
"1"," Variance"
"1"," Std.Dev."
"1","
"
"1"," CASE    "
"1"," (Intercept)"
"1","  5654   "
"1","  75.19  "
"1","
"
"1"," Residual"
"1","            "
"1"," 20116   "
"1"," 141.83  "
"1","
"
"1","Number of obs: 910, groups: "
"1"," "
"1","CASE, 91"
"1","
"
"1","
Fixed effects:
"
"1","           "
"1"," Estimate"
"1"," Std. Error"
"1","      df"
"1"," t value"
"1"," Pr(>|t|)"
"1","    "
"1","
(Intercept)"
"1","  553.082"
"1","     13.697"
"1"," 382.959"
"1","  40.379"
"1","  < 2e-16"
"1"," ***"
"1","
TypeSZ     "
"1","  -70.902"
"1","      9.403"
"1"," 817.000"
"1","  -7.540"
"1"," 1.25e-13"
"1"," ***"
"1","
num_video  "
"1","    1.360"
"1","      1.637"
"1"," 817.000"
"1","   0.831"
"1","    0.406"
"1","    "
"1","
"
"1","---
Signif. codes:  "
"1",""
"1","0 ‘***’ 0.001 ‘**’ 0.01 ‘*’ 0.05 ‘.’ 0.1 ‘ ’ 1"
"1","
"
"1","
Correlation of Fixed Effects:
"
"1","         "
"1"," (Intr)"
"1"," TypeSZ"
"1","
TypeSZ   "
"1"," -0.345"
"1","       "
"1","
num_video"
"1"," -0.658"
"1","  0.003"
"1","
"
"1","Type III Analysis of Variance Table with Satterthwaite's method"
"1","
"
"1","         "
"1","  Sum Sq"
"1"," Mean Sq"
"1"," NumDF"
"1"," DenDF"
"1"," F value"
"1","   Pr(>F)"
"1","    "
"1","
Type     "
"1"," 1143661"
"1"," 1143661"
"1","     1"
"1","   817"
"1"," 56.8535"
"1"," 1.25e-13"
"1"," ***"
"1","
num_video"
"1","   13882"
"1","   13882"
"1","     1"
"1","   817"
"1","  0.6901"
"1","   0.4064"
"1","    "
"1","
"
"1","---
Signif. codes:  "
"1",""
"1","0 ‘***’ 0.001 ‘**’ 0.01 ‘*’ 0.05 ‘.’ 0.1 ‘ ’ 1"
"1","
"
"1","
Emmeans — Total score by Type:
"
"1",""
"1"," Type"
"1"," emmean"
"1","   SE"
"1","  df"
"1"," lower.CL"
"1"," upper.CL"
"1","
"
"1"," HC  "
"1","    561"
"1"," 10.3"
"1"," 142"
"1","      540"
"1","      581"
"1","
"
"1"," SZ  "
"1","    490"
"1"," 10.3"
"1"," 142"
"1","      469"
"1","      510"
"1","
"
"1","
"
"1","Degrees-of-freedom method: kenward-roger 
"
"1","Confidence level used: 0.95 
"
"1",""
"1"," contrast"
"1"," estimate"
"1","  SE"
"1","  df"
"1"," t.ratio"
"1"," p.value"
"1","
"
"1"," HC - SZ "
"1","     70.9"
"1"," 9.4"
"1"," 817"
"1","   7.540"
"1"," <0.0001"
"1","
"
"1","
"
"1","Degrees-of-freedom method: kenward-roger 
"
"1","
=== Model: Impression subscore ===
"
"1","Type III Analysis of Variance Table with Satterthwaite's method"
"1","
"
"1","         "
"1"," Sum Sq"
"1"," Mean Sq"
"1"," NumDF"
"1"," DenDF"
"1"," F value"
"1","   Pr(>F)"
"1","    "
"1","
Type     "
"1"," 333133"
"1","  333133"
"1","     1"
"1","   817"
"1"," 56.5552"
"1"," 1.44e-13"
"1"," ***"
"1","
num_video"
"1","   3384"
"1","    3384"
"1","     1"
"1","   817"
"1","  0.5744"
"1","   0.4487"
"1","    "
"1","
"
"1","---
Signif. codes:  "
"1",""
"1","0 ‘***’ 0.001 ‘**’ 0.01 ‘*’ 0.05 ‘.’ 0.1 ‘ ’ 1"
"1","
"
"1",""
"1"," contrast"
"1"," estimate"
"1","   SE"
"1","  df"
"1"," t.ratio"
"1"," p.value"
"1","
"
"1"," HC - SZ "
"1","     38.3"
"1"," 5.09"
"1"," 817"
"1","   7.520"
"1"," <0.0001"
"1","
"
"1","
"
"1","Degrees-of-freedom method: kenward-roger 
"
"1","
=== Model: Behavioral intention subscore ===
"
"1","Type III Analysis of Variance Table with Satterthwaite's method"
"1","
"
"1","         "
"1"," Sum Sq"
"1"," Mean Sq"
"1"," NumDF"
"1"," DenDF"
"1"," F value"
"1","    Pr(>F)"
"1","    "
"1","
Type     "
"1"," 242304"
"1","  242304"
"1","     1"
"1","   817"
"1","  43.308"
"1"," 8.353e-11"
"1"," ***"
"1","
num_video"
"1","   3559"
"1","    3559"
"1","     1"
"1","   817"
"1","   0.636"
"1","    0.4254"
"1","    "
"1","
"
"1","---
Signif. codes:  "
"1",""
"1","0 ‘***’ 0.001 ‘**’ 0.01 ‘*’ 0.05 ‘.’ 0.1 ‘ ’ 1"
"1","
"
"1",""
"1"," contrast"
"1"," estimate"
"1","   SE"
"1","  df"
"1"," t.ratio"
"1"," p.value"
"1","
"
"1"," HC - SZ "
"1","     32.6"
"1"," 4.96"
"1"," 817"
"1","   6.581"
"1"," <0.0001"
"1","
"
"1","
"
"1","Degrees-of-freedom method: kenward-roger 
"
"1","
=== Model: Item x Type interaction ===
"
"1","Type III Analysis of Variance Table with Satterthwaite's method"
"1","
"
"1","         "
"1"," Sum Sq"
"1"," Mean Sq"
"1"," NumDF"
"1"," DenDF"
"1","  F value"
"1","    Pr(>F)"
"1","    "
"1","
Type     "
"1"," 114366"
"1","  114366"
"1","     1"
"1","  8989"
"1"," 225.6691"
"1"," < 2.2e-16"
"1"," ***"
"1","
Item     "
"1"," 283213"
"1","   31468"
"1","     9"
"1","  8989"
"1","  62.0935"
"1"," < 2.2e-16"
"1"," ***"
"1","
num_video"
"1","   1388"
"1","    1388"
"1","     1"
"1","  8989"
"1","   2.7392"
"1"," 0.0979464"
"1"," .  "
"1","
Type:Item"
"1","  14742"
"1","    1638"
"1","     9"
"1","  8989"
"1","   3.2321"
"1"," 0.0006348"
"1"," ***"
"1","
"
"1","---
Signif. codes:  "
"1",""
"1","0 ‘***’ 0.001 ‘**’ 0.01 ‘*’ 0.05 ‘.’ 0.1 ‘ ’ 1"
"1","
"
"1","
Pairwise contrasts SZ vs HC by item:
"
"1","Item = Attractive:
"
"1",""
"1"," contrast"
"1"," estimate"
"1","   SE"
"1","  df"
"1"," z.ratio"
"1"," p.value"
"1","
"
"1"," HC - SZ "
"1","    8.475"
"1"," 1.49"
"1"," Inf"
"1","   5.678"
"1"," <0.0001"
"1","
"
"1","
"
"1","Item = Awkward_r:
"
"1",""
"1"," contrast"
"1"," estimate"
"1","   SE"
"1","  df"
"1"," z.ratio"
"1"," p.value"
"1","
"
"1"," HC - SZ "
"1","    8.068"
"1"," 1.49"
"1"," Inf"
"1","   5.406"
"1"," <0.0001"
"1","
"
"1","
"
"1","Item = Conversation:
"
"1",""
"1"," contrast"
"1"," estimate"
"1","   SE"
"1","  df"
"1"," z.ratio"
"1"," p.value"
"1","
"
"1"," HC - SZ "
"1","    8.848"
"1"," 1.49"
"1"," Inf"
"1","   5.929"
"1"," <0.0001"
"1","
"
"1","
"
"1","Item = Dominant:
"
"1",""
"1"," contrast"
"1"," estimate"
"1","   SE"
"1","  df"
"1"," z.ratio"
"1"," p.value"
"1","
"
"1"," HC - SZ "
"1","   -0.395"
"1"," 1.49"
"1"," Inf"
"1","  -0.265"
"1","  0.7910"
"1","
"
"1","
"
"1","Item = Intelligent:
"
"1",""
"1"," contrast"
"1"," estimate"
"1","   SE"
"1","  df"
"1"," z.ratio"
"1"," p.value"
"1","
"
"1"," HC - SZ "
"1","    7.306"
"1"," 1.49"
"1"," Inf"
"1","   4.895"
"1"," <0.0001"
"1","
"
"1","
"
"1","Item = Likeable:
"
"1",""
"1"," contrast"
"1"," estimate"
"1","   SE"
"1","  df"
"1"," z.ratio"
"1"," p.value"
"1","
"
"1"," HC - SZ "
"1","    7.341"
"1"," 1.49"
"1"," Inf"
"1","   4.918"
"1"," <0.0001"
"1","
"
"1","
"
"1","Item = LiveNearby:
"
"1",""
"1"," contrast"
"1"," estimate"
"1","   SE"
"1","  df"
"1"," z.ratio"
"1"," p.value"
"1","
"
"1"," HC - SZ "
"1","    7.418"
"1"," 1.49"
"1"," Inf"
"1","   4.970"
"1"," <0.0001"
"1","
"
"1","
"
"1","Item = SitNext:
"
"1",""
"1"," contrast"
"1"," estimate"
"1","   SE"
"1","  df"
"1"," z.ratio"
"1"," p.value"
"1","
"
"1"," HC - SZ "
"1","    8.321"
"1"," 1.49"
"1"," Inf"
"1","   5.575"
"1"," <0.0001"
"1","
"
"1","
"
"1","Item = Time:
"
"1",""
"1"," contrast"
"1"," estimate"
"1","   SE"
"1","  df"
"1"," z.ratio"
"1"," p.value"
"1","
"
"1"," HC - SZ "
"1","    8.051"
"1"," 1.49"
"1"," Inf"
"1","   5.394"
"1"," <0.0001"
"1","
"
"1","
"
"1","Item = Trustworthy:
"
"1",""
"1"," contrast"
"1"," estimate"
"1","   SE"
"1","  df"
"1"," z.ratio"
"1"," p.value"
"1","
"
"1"," HC - SZ "
"1","    7.470"
"1"," 1.49"
"1"," Inf"
"1","   5.005"
"1"," <0.0001"
"1","
"
"1","
"
"1","Degrees-of-freedom method: asymptotic 
"
"1","Figures saved to results/
"
