"0","results_movement %>%"
"0","  select(signal, metric, mean_sz, mean_hc, method,"
"0","         p_value, p_signif, p_adjusted, p_adj_signif, effect_size, es_type) %>%"
"0","  knitr::kable("
"0","    caption = ""Group comparisons on movement metrics (SZ vs HC)"","
"0","    col.names = c(""Signal"", ""Metric"", ""Mean SZ"", ""Mean HC"","
"0","                  ""Test"", ""p"", ""Sig."", ""p (adj.)"", ""Sig. (adj.)"","
"0","                  ""Effect size"", ""ES type""),"
"0","    digits = 4"
"0","  )"
