participant_id,participant,group,movement_type,QoM,amplitude_sum,mean_speed
P1,1,P,hand_horizontal,0.7798672566371682,0.25429552296984065,0.0089521428888298
P1,1,P,hand_vertical,0.8462389380530974,0.26967174478877176,0.010055967150924425
P1,1,P,swaying,0.4314159292035398,0.053150330881547116,0.002102535751918672
P1,1,P,sideways,0.29867256637168144,0.06144788384738964,0.0024755953731509244
P1,1,P,head_horizontal,0.497787610619469,0.07117161388740785,0.0028328417124684076
P1,1,P,head_vertical,0.497787610619469,0.04315106611628046,0.002035711967410321
P10,10,P,swaying,0.5245901639344263,0.026478133800857145,0.0011231596703372515
P10,10,P,sideways,0.39344262295081966,0.027845199107112823,0.0011681134551725268
P10,10,P,head_horizontal,0.45901639344262296,0.03580740823021846,0.0019651843997555113
P10,10,P,head_vertical,0.9180327868852459,0.08001944713728958,0.0035122404724550783
P11,11,P,hand_horizontal,0.6291390728476821,0.04942973523916504,0.0024316183694165854
P11,11,P,hand_vertical,0.8940397350993379,0.12446555418588245,0.004931242167889977
P11,11,P,swaying,0.33112582781456956,0.013113646525200503,0.0009427740701496857
P11,11,P,sideways,0.3642384105960265,0.018577184966701375,0.0009385450676579675
P11,11,P,head_horizontal,0.6622516556291391,0.10762688658292384,0.004285208918463813
P11,11,P,head_vertical,0.4635761589403974,0.057769487243912045,0.002512219961670777
P12,12,P,hand_horizontal,1.1563876651982379,0.20127893368698346,0.007563016270671696
P12,12,P,hand_vertical,1.2389867841409692,0.3539312875339633,0.013410195706290266
P12,12,P,swaying,0.29735682819383263,0.02170731616684192,0.0010208216936985926
P12,12,P,sideways,0.2312775330396476,0.0345193790345215,0.001382065078666382
P12,12,P,head_horizontal,0.4625550660792952,0.08298863587881578,0.003433484889517074
P12,12,P,head_vertical,0.6277533039647577,0.06474184567418526,0.0026956485714082147
P13,13,P,hand_horizontal,0.2467105263157895,0.01649391728808109,0.0009825558759142994
P13,13,P,hand_vertical,0.4276315789473684,0.025904840982276918,0.001530770358329187
P13,13,P,swaying,0.19736842105263158,0.014674142992927118,0.0006698431744645331
P13,13,P,sideways,0.13157894736842105,0.020651092762206422,0.0008569993362137035
P13,13,P,head_horizontal,0.13157894736842105,0.00651956184692009,0.0006110240361586816
P13,13,P,head_vertical,0.16447368421052633,0.012985510608952132,0.0008956099401175148
P14,14,P,hand_horizontal,1.153846153846154,0.12631597063621122,0.0047765707676047835
P14,14,P,hand_vertical,0.8613217768147345,0.10983649783366219,0.004363637326467775
P14,14,P,swaying,0.19501625135427952,0.016549576716772072,0.0007817669393914295
P14,14,P,sideways,0.13001083423618634,0.014337484653103002,0.0008970096060223127
P14,14,P,head_horizontal,0.45503791982665226,0.024052999584611684,0.0011024293281507217
P14,14,P,head_vertical,0.39003250270855905,0.04275755318073611,0.0020150152509245548
P15,15,P,hand_horizontal,0.21103896103896103,0.04412461819920925,0.002159381878201647
P15,15,P,hand_vertical,0.2435064935064935,0.14018209483943078,0.006044291663859756
P15,15,P,swaying,0.19480519480519481,0.022249881170831882,0.00103590324946503
P15,15,P,sideways,0.19480519480519481,0.045387013620704575,0.0017319290200160668
P15,15,P,head_horizontal,0.487012987012987,0.05320750879977491,0.0025072882639718625
P15,15,P,head_vertical,0.45454545454545453,0.05486680968789863,0.0025185070864647673
P16,16,P,hand_horizontal,1.12012987012987,0.21147413650177266,0.00764503447650813
P16,16,P,hand_vertical,1.1201298701298703,0.12215185163085415,0.004719795548457582
P16,16,P,swaying,0.45454545454545453,0.04578279423630504,0.0018439514352467583
P16,16,P,sideways,0.35714285714285715,0.07276677926716724,0.002639915812839167
P16,16,P,head_horizontal,0.45454545454545453,0.07441681658920132,0.0030455260789310824
P16,16,P,head_vertical,0.974025974025974,0.08102363458038415,0.003319971043514177
P17,17,P,hand_horizontal,0.18232044198895025,0.007358608488941085,0.000693688090319168
P17,17,P,hand_vertical,0.26519337016574585,0.011176547634124675,0.0008532814238622519
P17,17,P,swaying,0.03314917127071823,0.0,0.0003122888739510484
P17,17,P,sideways,0.19889502762430938,0.006918658172897029,0.0003516738761521614
P17,17,P,head_horizontal,0.23204419889502761,0.011166978201630897,0.0008164590798722778
P17,17,P,head_vertical,0.2983425414364641,0.013229025959698092,0.0008907276537676777
P18,18,P,hand_horizontal,0.6229508196721312,0.0671233989939054,0.0026616863756769244
P18,18,P,hand_vertical,1.180327868852459,0.16151939021816147,0.005994498499743339
P18,18,P,swaying,0.5901639344262295,0.11260834982346009,0.003985789920933096
P18,18,P,sideways,0.36065573770491804,0.08389123471060164,0.0036767400170981943
P18,18,P,head_horizontal,0.7868852459016393,0.08536064160485989,0.0031578391828201292
P18,18,P,head_vertical,0.45901639344262296,0.0847627873619625,0.0033836791230235762
P19,19,P,hand_horizontal,0.032679738562091505,0.0,0.00028769962997950935
P19,19,P,hand_vertical,0.08169934640522876,0.003063052278558632,0.0006303695404533363
P19,19,P,swaying,0.0,0.0,0.00017693287018737157
P19,19,P,sideways,0.0,0.0,0.00010241102729809936
P19,19,P,head_horizontal,0.19607843137254902,0.013634166921265633,0.0010433909455729246
P19,19,P,head_vertical,0.22875816993464052,0.010668214647531255,0.0007284351724701186
P2,2,P,hand_horizontal,1.3817980022197558,0.30089271746636514,0.010931640289506914
P2,2,P,hand_vertical,1.448390677025527,0.5336599799693107,0.019847474156237055
P2,2,P,swaying,0.5993340732519422,0.04582945466653095,0.001964708618997278
P2,2,P,sideways,0.39955604883462814,0.061030483671558895,0.0022245793605020847
P2,2,P,head_horizontal,0.6992230854605993,0.06037688412135159,0.002539586739306506
P2,2,P,head_vertical,0.8990011098779134,0.09941252568338048,0.0038056041466197456
P20,20,P,hand_horizontal,0.5032467532467533,0.0356380019545596,0.0016776412464543557
P20,20,P,hand_vertical,0.551948051948052,0.04867095111578798,0.002237772074113539
P20,20,P,swaying,0.3246753246753247,0.020670678433039893,0.0009957453551817015
P20,20,P,sideways,0.19480519480519481,0.016873903254070923,0.0008393566758670773
P20,20,P,head_horizontal,0.5194805194805194,0.03507168259667906,0.0018023043539954165
P20,20,P,head_vertical,0.9090909090909091,0.06856813003504288,0.002771901537053438
P3,3,P,hand_horizontal,1.1225596529284165,0.22104689476691108,0.007822871311341713
P3,3,P,hand_vertical,1.1713665943600868,0.4024441363853538,0.014011749007966253
P3,3,P,swaying,0.35791757049891537,0.02135172102206977,0.0011924733411823186
P3,3,P,sideways,0.2928416485900217,0.04046835297810246,0.0015736941617009402
P3,3,P,head_horizontal,0.5206073752711496,0.08218815548220115,0.003367948199497529
P3,3,P,head_vertical,0.9436008676789588,0.166178046843343,0.0058978116228442625
P4,4,P,hand_horizontal,1.5537848605577689,0.22727997943683276,0.00860810305534978
P4,4,P,hand_vertical,1.6533864541832668,0.4701360377547792,0.016573146806549817
P4,4,P,swaying,0.6374501992031872,0.03734058987050726,0.0018184847695462063
P4,4,P,sideways,0.5179282868525896,0.04986581895064279,0.0022336739602867015
P4,4,P,head_horizontal,0.9163346613545816,0.05475777971427437,0.002140660965446154
P4,4,P,head_vertical,0.6772908366533864,0.052711537982558135,0.0025695677396436827
P5,5,P,hand_horizontal,0.6451612903225806,0.08085740760553495,0.0031825047128346056
P5,5,P,hand_vertical,0.7258064516129032,0.05779764568089911,0.0024937116723970686
P5,5,P,swaying,0.3870967741935484,0.05951948592516504,0.0022459314905992895
P5,5,P,sideways,0.3870967741935484,0.06705262571540838,0.0026711591461204506
P5,5,P,head_horizontal,0.3225806451612903,0.018101205568714206,0.00116758041623599
P5,5,P,head_vertical,0.6129032258064516,0.0369329121073639,0.001670351763083401
P6,6,P,hand_horizontal,1.0644104803493448,0.19929193249475619,0.00711739501384455
P6,6,P,hand_vertical,0.8842794759825328,0.16989463450992942,0.006305336526182292
P6,6,P,swaying,0.32751091703056767,0.018052504947128338,0.000978531736453848
P6,6,P,sideways,0.26200873362445415,0.01417374537248366,0.0008311825770625094
P6,6,P,head_horizontal,0.5567685589519651,0.04580397661714422,0.0020568407205627487
P6,6,P,head_vertical,0.7205240174672489,0.05903048152605425,0.00274065607391088
P7,7,P,hand_horizontal,1.3355048859934855,0.3003263156484072,0.010661612826960033
P7,7,P,hand_vertical,1.2703583061889252,0.5103935407199067,0.017755596204996532
P7,7,P,swaying,0.5211726384364821,0.04550545666346261,0.002174213988544188
P7,7,P,sideways,0.45602605863192186,0.1452356900335699,0.005449480759717985
P7,7,P,head_horizontal,1.0423452768729642,0.09383997997827205,0.003942325230076716
P7,7,P,head_vertical,1.0749185667752443,0.1092329397585151,0.004489814685970524
P8,8,P,hand_horizontal,1.106290672451193,0.2077011103082062,0.008215993349726006
P8,8,P,hand_vertical,1.0737527114967462,0.42187391610878033,0.015486395708533076
P8,8,P,swaying,0.911062906724512,0.07784194032865897,0.003059186814330854
P8,8,P,sideways,0.878524945770065,0.18644326426725086,0.006515048864072024
P8,8,P,head_horizontal,0.8459869848156182,0.08865776239928998,0.0036985525224629526
P8,8,P,head_vertical,0.878524945770065,0.13874633228186486,0.00513350413211099
P9,9,P,hand_horizontal,0.2906350914962325,0.013356366865753536,0.0009037560299648526
P9,9,P,hand_vertical,0.4520990312163617,0.02742387791154836,0.0013814585222825335
P9,9,P,swaying,0.19375672766415503,0.007401692981683935,0.0005901051517248115
P9,9,P,sideways,0.19375672766415503,0.009289000894149179,0.0006231211697400513
P9,9,P,head_horizontal,0.32292787944025836,0.03716410949357265,0.001753396249324436
P9,9,P,head_vertical,0.6781485468245425,0.10700966846405528,0.00454373191396531
SZ1,1,SZ,hand_horizontal,0.4225352112676056,0.0802821872549128,0.0030860118677506526
SZ1,1,SZ,hand_vertical,0.5850487540628386,0.21016978945785744,0.007865107986709514
SZ1,1,SZ,swaying,0.2925243770314193,0.013372438812108072,0.0007635274331991372
SZ1,1,SZ,sideways,0.13001083423618634,0.003713212872679235,0.0005194225335334315
SZ1,1,SZ,head_horizontal,0.2600216684723727,0.03352838444950369,0.001804024506318825
SZ1,1,SZ,head_vertical,0.7475622968580715,0.09033419859215737,0.0035808015814067966
SZ10,10,SZ,hand_horizontal,0.3128430296377607,0.05124584170244624,0.0025873622631598986
SZ10,10,SZ,hand_vertical,0.757409440175631,0.2662452860295629,0.009457266552358817
SZ10,10,SZ,swaying,0.16465422612513722,0.010716173852124164,0.0008810864443490532
SZ10,10,SZ,sideways,0.09879253567508232,0.016453044958178727,0.0011453873275420554
SZ10,10,SZ,head_horizontal,0.3951701427003293,0.022889184347991042,0.0012058904759846142
SZ10,10,SZ,head_vertical,0.7574094401756312,0.04791067301136534,0.0023851434233976487
SZ11,11,SZ,hand_horizontal,0.14950166112956811,0.027925596767881804,0.001729753130785662
SZ11,11,SZ,hand_vertical,0.2990033222591362,0.1286122734375399,0.005286514374322359
SZ11,11,SZ,swaying,0.06644518272425248,0.003239510859722704,0.00045937179501615515
SZ11,11,SZ,sideways,0.06644518272425248,0.001246485735598465,0.00031028760285993354
SZ11,11,SZ,head_horizontal,0.09966777408637874,0.006439383650282565,0.0006461212991436187
SZ11,11,SZ,head_vertical,0.2990033222591362,0.028907109240055327,0.001654408474194002
SZ12,12,SZ,hand_horizontal,0.0830564784053156,0.003505795801077272,0.000501367305280391
SZ12,12,SZ,hand_vertical,0.2491694352159468,0.011535051626531664,0.0008662326026354055
SZ12,12,SZ,swaying,0.09966777408637874,0.0040677074593647574,0.000414721648507094
SZ12,12,SZ,sideways,0.09966777408637874,0.007316018982462395,0.0005235842839754931
SZ12,12,SZ,head_horizontal,0.0,0.0,0.00033371692035159356
SZ12,12,SZ,head_vertical,0.3654485049833887,0.0208743435278623,0.0012673491838961213
SZ13,13,SZ,hand_horizontal,0.6923076923076923,0.08756992118850901,0.0034306139338469537
SZ13,13,SZ,hand_vertical,0.6593406593406593,0.1745372427241072,0.00740522596927029
SZ13,13,SZ,swaying,0.2967032967032967,0.023432933215215706,0.0010404650703146941
SZ13,13,SZ,sideways,0.2967032967032967,0.059598895974515516,0.002456734009261707
SZ13,13,SZ,head_horizontal,0.2967032967032967,0.011839017542891074,0.0011804849023906033
SZ13,13,SZ,head_vertical,1.5164835164835166,0.1183393693101594,0.004737480839942545
SZ14,14,SZ,hand_horizontal,0.066006600660066,0.0020688131490970343,0.0003866804800111383
SZ14,14,SZ,hand_vertical,0.132013201320132,0.004804720194265706,0.00044032502120612646
SZ14,14,SZ,swaying,0.0,0.0,0.0002358972085357172
SZ14,14,SZ,sideways,0.066006600660066,0.0035148103156921223,0.0002916884724293899
SZ14,14,SZ,head_horizontal,0.099009900990099,0.002496598285861861,0.0005494716624544443
SZ14,14,SZ,head_vertical,0.594059405940594,0.034940826538746105,0.0017004544731225285
SZ15,15,SZ,hand_horizontal,0.281767955801105,0.05684619810619601,0.00238401107035369
SZ15,15,SZ,hand_vertical,0.6132596685082873,0.07980095826493563,0.003468799037304446
SZ15,15,SZ,swaying,0.09944751381215469,0.002672930705924304,0.00042170250960938186
SZ15,15,SZ,sideways,0.06629834254143646,0.0021562394295577257,0.00028919056277151086
SZ15,15,SZ,head_horizontal,0.39779005524861877,0.01900837325285061,0.0014823195331067464
SZ15,15,SZ,head_vertical,0.6298342541436464,0.03655656412043464,0.0019997024604995247
SZ16,16,SZ,hand_horizontal,0.19955654101995565,0.026454116130454553,0.0013540635635116928
SZ16,16,SZ,hand_vertical,0.43237250554323725,0.052462030652078925,0.002405260082788941
SZ16,16,SZ,swaying,0.1662971175166297,0.016908822689897917,0.0010931261406080864
SZ16,16,SZ,sideways,0.09977827050997783,0.028056486570640728,0.0012436616505780175
SZ16,16,SZ,head_horizontal,0.6651884700665188,0.05317198893606023,0.0021914684207492174
SZ16,16,SZ,head_vertical,0.565410199556541,0.06625809450947334,0.00296647741442658
SZ17,17,SZ,hand_horizontal,0.3754080522306855,0.043703589186495306,0.001997954664108458
SZ17,17,SZ,hand_vertical,0.3754080522306855,0.05124917876728931,0.002302395228949508
SZ17,17,SZ,swaying,0.09793253536452666,0.010417999354652216,0.0007703900704376838
SZ17,17,SZ,sideways,0.19586507072905332,0.02228235974414713,0.0014403579489141371
SZ17,17,SZ,head_horizontal,0.29379760609357997,0.02753135768831371,0.001439597180930743
SZ17,17,SZ,head_vertical,0.7181719260065288,0.08861305745996008,0.003813858465967841
SZ18,18,SZ,hand_horizontal,0.3799559471365639,0.021276204054632573,0.0009489482265702448
SZ18,18,SZ,hand_vertical,0.3303964757709251,0.012764675020257901,0.000900516084489923
SZ18,18,SZ,swaying,0.3303964757709251,0.014545394999314338,0.0007173518330907651
SZ18,18,SZ,sideways,0.2643171806167401,0.0215188921616454,0.001036031609120084
SZ18,18,SZ,head_horizontal,0.3634361233480176,0.02349322414453226,0.001103950553307052
SZ18,18,SZ,head_vertical,0.3634361233480176,0.016250110251534423,0.0009297177587404096
SZ19,19,SZ,hand_horizontal,0.443592552026287,0.04793961633338406,0.0021423591063326796
SZ19,19,SZ,hand_vertical,0.3285870755750274,0.12798231718290926,0.006081032728589617
SZ19,19,SZ,swaying,0.2628696604600219,0.020672960589491127,0.0011076602370555613
SZ19,19,SZ,sideways,0.23001095290251916,0.03381714890622391,0.0015125721780994443
SZ19,19,SZ,head_horizontal,0.42716319824753557,0.022768233264823457,0.0011813316193924174
SZ19,19,SZ,head_vertical,0.755750273822563,0.061392247712485866,0.002627401458533901
SZ2,2,SZ,hand_horizontal,0.39473684210526316,0.08172567262718913,0.0033777100124729323
SZ2,2,SZ,hand_vertical,0.5921052631578947,0.11781796857468373,0.004841105367894722
SZ2,2,SZ,swaying,0.16447368421052633,0.003846704805112122,0.00043073848183132105
SZ2,2,SZ,sideways,0.0,0.0,0.00023366018990595534
SZ2,2,SZ,head_horizontal,0.16447368421052633,0.008514436140204315,0.0008934458417981509
SZ2,2,SZ,head_vertical,0.23026315789473686,0.02097462933325769,0.0013908693615396915
SZ20,20,SZ,hand_horizontal,0.8041575492341357,0.1292910729129084,0.004988468060257217
SZ20,20,SZ,hand_vertical,1.00109409190372,0.2567530272993127,0.011112925793389156
SZ20,20,SZ,swaying,0.39387308533916854,0.024222914396124534,0.001262100391283468
SZ20,20,SZ,sideways,0.3282275711159738,0.06303750787582392,0.002676952876382969
SZ20,20,SZ,head_horizontal,0.7221006564551423,0.07121941901464399,0.002889948144415993
SZ20,20,SZ,head_vertical,0.8533916849015317,0.1270675706504417,0.004653335495073669
SZ3,3,SZ,hand_horizontal,1.058588548601864,0.14855449018474615,0.005664536353153869
SZ3,3,SZ,hand_vertical,0.8788282290279628,0.25318231495776294,0.009298575615524943
SZ3,3,SZ,swaying,0.559254327563249,0.05885037459480203,0.002652348698465435
SZ3,3,SZ,sideways,0.4394141145139813,0.13138554523781984,0.005289805145530734
SZ3,3,SZ,head_horizontal,0.6391478029294274,0.04854885838528154,0.0023729575927711145
SZ3,3,SZ,head_vertical,0.7190412782956058,0.060018439918276,0.0028420992926043893
SZ4,4,SZ,swaying,0.23001095290251916,0.016888829277926835,0.0008775865513140655
SZ4,4,SZ,sideways,0.19715224534501644,0.04213731342115294,0.0019646899686034066
SZ4,4,SZ,head_horizontal,0.32858707557502737,0.019686009951475625,0.0013302558559548673
SZ4,4,SZ,head_vertical,0.23001095290251916,0.011416407585483066,0.000998644132805995
SZ5,5,SZ,hand_horizontal,1.0876623376623376,0.15560657036922806,0.005704357123012076
SZ5,5,SZ,hand_vertical,1.0876623376623376,0.34492638851322477,0.012082325559492088
SZ5,5,SZ,swaying,0.6168831168831169,0.054116450684661865,0.002200437594071634
SZ5,5,SZ,sideways,0.2597402597402597,0.10505951858595082,0.0038942000259066063
SZ5,5,SZ,head_horizontal,0.6168831168831169,0.08053021575420796,0.0032459433095811774
SZ5,5,SZ,head_vertical,0.6168831168831169,0.09023843398461776,0.003995202482094262
SZ6,6,SZ,hand_horizontal,0.7276736493936053,0.11453069378515832,0.004352343159331806
SZ6,6,SZ,hand_vertical,0.7276736493936052,0.4477951938546241,0.015933912027562273
SZ6,6,SZ,swaying,0.29768467475192945,0.015910563553647488,0.0008858703365560135
SZ6,6,SZ,sideways,0.23153252480705622,0.022357041670083764,0.0010218932472438379
SZ6,6,SZ,head_horizontal,0.42998897464167585,0.028626643058796256,0.0015335123125127172
SZ6,6,SZ,head_vertical,1.2899669239250275,0.11157578118402987,0.004269497943376108
SZ7,7,SZ,hand_horizontal,0.21523178807947022,0.02536268166429002,0.0016935437843610891
SZ7,7,SZ,hand_vertical,0.21523178807947022,0.048498985073057194,0.002352702869406675
SZ7,7,SZ,swaying,0.16556291390728478,0.02241224151914001,0.0014823839446351252
SZ7,7,SZ,sideways,0.2317880794701987,0.08167065533565401,0.0042394892787308135
SZ7,7,SZ,head_horizontal,0.3642384105960265,0.02578958340657822,0.0018476883585435194
SZ7,7,SZ,head_vertical,0.7615894039735099,0.0471186370960761,0.0026946549134810945
SZ8,8,SZ,hand_horizontal,0.0,0.0,0.00025621788739794564
SZ8,8,SZ,hand_vertical,0.0,0.0,0.00038541707283330025
SZ8,8,SZ,swaying,0.0,0.0,0.00016706538095454098
SZ8,8,SZ,sideways,0.0,0.0,9.882986189547299e-05
SZ8,8,SZ,head_horizontal,0.06607929515418502,0.0011436433837114757,0.000563633221503743
SZ8,8,SZ,head_vertical,0.29735682819383263,0.012924130919507542,0.0008043506897277203
SZ9,9,SZ,hand_horizontal,0.06486486486486487,0.002566153684824931,0.0004552925996234123
SZ9,9,SZ,hand_vertical,0.12972972972972974,0.006917045660049675,0.0009079060283208715
SZ9,9,SZ,swaying,0.0,0.0,0.0002791038263370294
SZ9,9,SZ,sideways,0.0972972972972973,0.005675628508208514,0.00040652445567574585
SZ9,9,SZ,head_horizontal,0.032432432432432434,0.0,0.0003053159847439784
SZ9,9,SZ,head_vertical,0.1945945945945946,0.010669847844142927,0.0010588355895427373
