CASE,Age,Gender,Pro_Sante,vid,num_video,Type,Sympathique,Bizarre,Intelligente,Appreciable,Confiance,Dominante,Conversation,Temps,Voisin,Assis,Bizarre_inversed,Total_score
444,22,F,3,Video_SZ2.mp4,1,Patient,20,53,48,53,32,22,16,20,51,39,49,350
444,22,F,3,Video_SZ3.mp4,2,Patient,40,18,18,28,19,60,20,23,43,50,84,385
444,22,F,3,Video_P16.mp4,3,Healthy,68,17,83,68,68,63,50,65,68,68,85,686
444,22,F,3,Video_SZ6.mp4,4,Patient,51,23,23,52,19,28,12,35,48,43,79,390
444,22,F,3,Video_SZ14.mp4,5,Patient,3,56,18,8,3,74,1,6,54,26,46,239
444,22,F,3,Video_SZ20.mp4,6,Patient,40,46,53,28,28,2,23,32,58,39,56,359
444,22,F,3,Video_P1.mp4,7,Healthy,76,15,51,57,50,76,45,64,62,37,87,605
444,22,F,3,Video_P5.mp4,8,Healthy,11,47,40,8,15,14,1,50,50,46,55,290
444,22,F,3,Video_P11.mp4,9,Healthy,47,22,14,33,25,93,7,11,50,43,80,403
444,22,F,3,Video_P3.mp4,10,Healthy,81,18,83,76,80,51,47,59,77,59,84,697
455,49,F,3,Video_P19.mp4,1,Healthy,101,101,47,8,1,77,1,1,5,12,1,254
455,49,F,3,Video_SZ19.mp4,2,Patient,101,101,1,1,1,55,1,1,1,1,1,164
455,49,F,3,Video_P20.mp4,3,Healthy,1,101,1,1,1,52,1,1,1,1,1,61
455,49,F,3,Video_SZ11.mp4,4,Patient,55,49,51,52,50,50,72,29,50,52,53,514
455,49,F,3,Video_P16.mp4,5,Healthy,70,55,70,48,69,67,33,46,48,46,47,544
455,49,F,3,Video_SZ9.mp4,6,Patient,29,101,32,30,9,13,1,1,1,10,1,127
455,49,F,3,Video_SZ12.mp4,7,Patient,17,101,52,17,24,24,101,24,1,17,1,278
455,49,F,3,Video_P10.mp4,8,Healthy,31,101,52,31,31,56,31,12,101,3,1,349
455,49,F,3,Video_SZ4.mp4,9,Patient,24,101,31,29,50,1,14,1,31,24,1,206
455,49,F,3,Video_P14.mp4,10,Healthy,71,48,48,49,73,48,50,51,32,68,54,544
461,22,F,3,Video_P8.mp4,1,Healthy,69,11,66,69,66,22,33,49,50,86,91,601
461,22,F,3,Video_SZ19.mp4,2,Patient,42,24,28,48,50,89,32,30,49,80,78,526
461,22,F,3,Video_SZ14.mp4,3,Patient,67,16,71,68,67,25,70,67,68,91,86,680
461,22,F,3,Video_P19.mp4,4,Healthy,53,27,36,46,50,24,30,49,63,69,75,495
461,22,F,3,Video_SZ12.mp4,5,Patient,49,21,52,50,49,19,49,50,64,71,81,534
461,22,F,3,Video_SZ1.mp4,6,Patient,50,17,48,49,53,33,49,49,66,70,85,552
461,22,F,3,Video_P6.mp4,7,Healthy,65,9,49,69,64,8,64,64,66,81,93,623
461,22,F,3,Video_SZ10.mp4,8,Patient,49,19,52,52,50,37,29,50,51,68,83,521
461,22,F,3,Video_P18.mp4,9,Healthy,65,11,50,68,53,5,59,63,66,81,91,601
461,22,F,3,Video_P4.mp4,10,Healthy,66,11,52,52,51,11,61,52,64,69,91,569
487,21,M,3,Video_SZ16.mp4,1,Patient,67,75,77,35,1,11,1,1,25,22,27,267
487,21,M,3,Video_P15.mp4,2,Healthy,30,24,52,61,77,24,36,1,32,35,78,426
487,21,M,3,Video_SZ3.mp4,3,Patient,63,80,80,55,84,2,1,8,5,1,22,321
487,21,M,3,Video_SZ20.mp4,4,Patient,14,1,86,1,17,1,1,1,1,13,101,236
487,21,M,3,Video_SZ18.mp4,5,Patient,1,101,1,2,1,78,1,1,1,1,1,88
487,21,M,3,Video_P20.mp4,6,Healthy,61,35,87,38,21,1,26,50,36,1,67,388
487,21,M,3,Video_P17.mp4,7,Healthy,67,77,92,55,31,13,41,14,24,11,25,373
487,21,M,3,Video_P3.mp4,8,Healthy,87,8,101,78,94,64,85,85,90,81,94,859
487,21,M,3,Video_P13.mp4,9,Healthy,11,90,74,16,3,48,1,1,13,6,12,185
487,21,M,3,Video_SZ7.mp4,10,Patient,61,101,91,74,47,37,20,1,25,87,1,444
500,35,F,3,Video_P14.mp4,1,Healthy,101,17,52,78,80,16,85,82,56,80,85,715
500,35,F,3,Video_SZ10.mp4,2,Patient,56,27,55,31,21,71,20,27,25,19,75,400
500,35,F,3,Video_P5.mp4,3,Healthy,55,33,33,68,6,2,71,71,49,68,69,492
500,35,F,3,Video_SZ3.mp4,4,Patient,51,52,55,50,51,52,50,52,54,50,50,515
500,35,F,3,Video_SZ13.mp4,5,Patient,80,7,53,71,77,14,70,72,67,80,95,679
500,35,F,3,Video_P13.mp4,6,Healthy,67,16,67,73,65,48,69,71,75,76,86,697
500,35,F,3,Video_SZ17.mp4,7,Patient,87,17,72,80,82,27,85,85,86,88,85,777
500,35,F,3,Video_P11.mp4,8,Healthy,24,85,52,29,28,86,25,14,19,27,17,321
500,35,F,3,Video_P2.mp4,9,Healthy,73,29,52,71,74,20,72,72,48,75,73,630
500,35,F,3,Video_SZ2.mp4,10,Patient,76,26,71,70,52,33,50,50,69,68,76,615
501,56,F,3,Video_SZ10.mp4,1,Patient,28,78,44,34,36,27,25,23,36,23,24,300
501,56,F,3,Video_SZ20.mp4,2,Patient,39,55,59,40,33,26,35,29,37,35,47,380
501,56,F,3,Video_SZ2.mp4,3,Patient,39,49,62,42,38,89,34,34,33,37,53,461
501,56,F,3,Video_P10.mp4,4,Healthy,61,26,67,65,65,42,76,64,62,83,76,661
501,56,F,3,Video_P14.mp4,5,Healthy,65,31,64,73,72,43,68,59,68,72,71,655
501,56,F,3,Video_SZ4.mp4,6,Patient,53,49,62,60,56,14,53,56,49,56,53,512
501,56,F,3,Video_P4.mp4,7,Healthy,62,17,73,66,65,73,64,57,53,64,85,662
501,56,F,3,Video_SZ6.mp4,8,Patient,20,84,42,32,26,14,12,16,21,14,18,215
501,56,F,3,Video_P5.mp4,9,Healthy,68,19,73,71,75,39,64,69,66,75,83,683
501,56,F,3,Video_P1.mp4,10,Healthy,73,28,78,65,70,87,66,57,63,67,74,700
502,21,F,3,Video_SZ12.mp4,1,Patient,13,18,11,1,50,1,10,50,51,20,84,291
502,21,F,3,Video_SZ6.mp4,2,Patient,57,52,51,65,26,58,50,52,50,19,50,478
502,21,F,3,Video_P14.mp4,3,Healthy,33,51,51,11,50,1,51,50,52,27,51,377
502,21,F,3,Video_P2.mp4,4,Healthy,48,65,53,59,49,43,33,24,50,38,37,434
502,21,F,3,Video_P15.mp4,5,Healthy,34,72,52,67,28,56,28,35,48,26,30,404
502,21,F,3,Video_SZ5.mp4,6,Patient,51,23,49,36,49,5,18,18,32,26,79,363
502,21,F,3,Video_SZ11.mp4,7,Patient,50,79,50,78,16,41,29,29,53,38,23,407
502,21,F,3,Video_SZ15.mp4,8,Patient,58,39,52,61,26,3,50,50,52,49,63,464
502,21,F,3,Video_P9.mp4,9,Healthy,52,52,50,51,52,51,51,52,50,51,50,510
502,21,F,3,Video_P20.mp4,10,Healthy,64,35,50,34,48,1,40,17,51,32,67,404
510,19,F,3,Video_SZ6.mp4,1,Patient,52,78,55,39,64,1,60,64,60,61,24,480
510,19,F,3,Video_P13.mp4,2,Healthy,34,36,52,60,68,94,49,57,58,38,66,576
510,19,F,3,Video_SZ19.mp4,3,Patient,94,21,72,89,83,61,83,89,74,85,81,811
510,19,F,3,Video_P16.mp4,4,Healthy,67,65,58,53,55,9,66,45,85,78,37,553
510,19,F,3,Video_SZ13.mp4,5,Patient,75,64,31,64,29,14,76,21,56,43,38,447
510,19,F,3,Video_SZ18.mp4,6,Patient,35,46,49,24,21,59,35,32,52,44,56,407
510,19,F,3,Video_P7.mp4,7,Healthy,83,11,65,83,47,64,78,64,83,78,91,736
510,19,F,3,Video_P18.mp4,8,Healthy,56,44,42,59,36,25,56,40,52,67,58,491
510,19,F,3,Video_SZ2.mp4,9,Patient,71,42,41,61,38,38,60,59,42,64,60,534
510,19,F,3,Video_P3.mp4,10,Healthy,85,60,87,82,81,66,65,89,85,78,42,760
521,29,M,3,Video_SZ15.mp4,1,Patient,61,72,62,69,69,89,72,74,65,28,30,619
521,29,M,3,Video_SZ8.mp4,2,Patient,78,35,34,29,32,64,33,66,83,71,67,557
521,29,M,3,Video_P2.mp4,3,Healthy,21,10,26,42,64,67,67,29,74,66,92,548
521,29,M,3,Video_SZ11.mp4,4,Patient,28,67,61,21,66,64,35,101,89,80,35,580
521,29,M,3,Video_SZ2.mp4,5,Patient,74,77,70,75,21,71,78,61,101,77,25,653
521,29,M,3,Video_P6.mp4,6,Healthy,74,64,95,52,41,85,33,74,64,79,38,635
521,29,M,3,Video_P12.mp4,7,Healthy,28,73,71,27,87,68,28,76,61,25,29,500
521,29,M,3,Video_P10.mp4,8,Healthy,27,22,66,77,76,80,75,78,71,76,80,706
521,29,M,3,Video_P14.mp4,9,Healthy,60,74,55,61,24,79,58,82,71,20,28,538
521,29,M,3,Video_SZ4.mp4,10,Patient,75,54,51,81,88,47,30,27,18,72,48,537
532,22,F,2,Video_SZ2.mp4,1,Patient,30,1,46,51,42,1,22,1,51,31,101,376
532,22,F,2,Video_P13.mp4,2,Healthy,41,3,50,101,50,3,47,56,52,101,99,600
532,22,F,2,Video_P8.mp4,3,Healthy,88,3,50,101,64,1,65,76,75,78,99,697
532,22,F,2,Video_SZ8.mp4,4,Patient,50,21,41,58,56,36,101,39,51,65,81,578
532,22,F,2,Video_SZ5.mp4,5,Patient,63,1,50,95,53,8,52,35,52,71,101,580
532,22,F,2,Video_P11.mp4,6,Healthy,69,1,51,101,68,6,53,33,53,72,101,607
532,22,F,2,Video_SZ7.mp4,7,Patient,62,101,101,75,53,53,32,39,50,53,1,519
532,22,F,2,Video_SZ16.mp4,8,Patient,49,3,66,81,53,42,101,49,47,79,99,666
532,22,F,2,Video_P1.mp4,9,Healthy,76,22,72,97,81,1,60,38,50,78,80,633
532,22,F,2,Video_P20.mp4,10,Healthy,101,2,65,99,83,1,72,55,75,82,100,733
546,22,F,3,Video_SZ18.mp4,1,Patient,62,19,51,62,60,69,58,65,54,80,83,644
546,22,F,3,Video_P5.mp4,2,Healthy,57,32,47,67,68,53,56,53,58,66,70,595
546,22,F,3,Video_SZ10.mp4,3,Patient,25,54,88,55,25,91,35,41,43,67,48,518
546,22,F,3,Video_P15.mp4,4,Healthy,101,13,60,99,91,21,75,91,61,95,89,783
546,22,F,3,Video_P13.mp4,5,Healthy,46,96,85,45,20,30,47,22,22,38,6,361
546,22,F,3,Video_P10.mp4,6,Healthy,84,52,56,101,52,16,78,66,73,65,50,641
546,22,F,3,Video_P3.mp4,7,Healthy,27,69,74,39,51,99,10,14,39,27,33,413
546,22,F,3,Video_SZ9.mp4,8,Patient,78,67,52,69,61,13,59,41,53,55,35,516
546,22,F,3,Video_SZ13.mp4,9,Patient,77,74,49,50,55,5,42,67,53,58,28,484
546,22,F,3,Video_SZ16.mp4,10,Patient,74,20,76,50,25,92,50,54,52,61,82,616
553,37,F,1,Video_SZ20.mp4,1,Patient,50,49,59,67,31,26,64,52,70,73,53,545
553,37,F,1,Video_P10.mp4,2,Healthy,66,51,76,59,55,67,66,60,58,66,51,624
553,37,F,1,Video_SZ8.mp4,3,Patient,25,1,50,1,7,6,9,1,6,12,101,218
553,37,F,1,Video_SZ6.mp4,4,Patient,50,12,49,49,8,8,1,1,9,9,90,274
553,37,F,1,Video_P15.mp4,5,Healthy,50,52,51,2,1,68,1,1,1,1,50,226
553,37,F,1,Video_SZ10.mp4,6,Patient,51,54,66,53,21,52,51,16,21,49,48,428
553,37,F,1,Video_P9.mp4,7,Healthy,46,52,53,52,52,51,51,52,52,52,50,511
553,37,F,1,Video_P12.mp4,8,Healthy,50,22,53,69,50,39,70,51,49,62,80,573
553,37,F,1,Video_P7.mp4,9,Healthy,85,66,50,52,33,52,29,18,22,33,36,410
553,37,F,1,Video_SZ13.mp4,10,Patient,51,76,52,52,18,53,25,19,19,27,26,342
556,14,F,3,Video_SZ8.mp4,1,Patient,65,15,31,79,33,84,27,83,66,60,87,615
556,14,F,3,Video_P14.mp4,2,Healthy,78,35,68,101,89,6,37,83,14,15,67,558
556,14,F,3,Video_P20.mp4,3,Healthy,22,101,54,23,11,35,1,12,7,22,1,188
556,14,F,3,Video_SZ9.mp4,4,Patient,33,82,20,16,28,29,14,1,14,34,20,209
556,14,F,3,Video_P2.mp4,5,Healthy,61,22,101,74,101,54,73,28,31,64,80,667
556,14,F,3,Video_SZ1.mp4,6,Patient,71,76,47,45,37,28,12,6,6,21,26,299
556,14,F,3,Video_SZ13.mp4,7,Patient,42,59,50,49,34,48,32,7,11,15,43,331
556,14,F,3,Video_P4.mp4,8,Healthy,48,39,76,54,65,50,56,31,23,55,63,521
556,14,F,3,Video_P11.mp4,9,Healthy,32,65,34,39,13,81,31,12,28,24,37,331
556,14,F,3,Video_SZ7.mp4,10,Patient,76,8,52,101,85,20,65,68,67,72,94,700
557,16,F,3,Video_P11.mp4,1,Healthy,61,27,50,42,26,74,46,38,53,53,75,518
557,16,F,3,Video_P17.mp4,2,Healthy,73,49,75,64,53,21,67,69,53,60,53,588
557,16,F,3,Video_SZ15.mp4,3,Patient,61,28,91,43,51,14,48,50,36,28,74,496
557,16,F,3,Video_SZ17.mp4,4,Patient,39,28,40,50,50,77,32,37,42,26,74,467
557,16,F,3,Video_SZ3.mp4,5,Patient,67,51,67,56,41,40,56,48,62,61,51,549
557,16,F,3,Video_P8.mp4,6,Healthy,42,1,76,22,39,68,31,1,48,37,101,465
557,16,F,3,Video_SZ10.mp4,7,Patient,50,42,80,60,28,20,49,67,52,39,60,505
557,16,F,3,Video_P3.mp4,8,Healthy,43,50,101,31,61,67,68,31,37,67,52,558
557,16,F,3,Video_SZ5.mp4,9,Patient,29,43,64,17,20,101,21,18,1,19,59,349
557,16,F,3,Video_P14.mp4,10,Healthy,89,29,101,75,51,44,101,67,80,69,73,750
562,24,M,3,Video_SZ9.mp4,1,Patient,67,31,53,37,61,1,31,33,30,38,71,422
562,24,M,3,Video_P18.mp4,2,Healthy,91,63,30,67,48,38,52,36,69,55,39,525
562,24,M,3,Video_P12.mp4,3,Healthy,81,23,53,78,70,76,84,72,53,66,79,712
562,24,M,3,Video_SZ5.mp4,4,Patient,88,33,52,80,58,29,71,46,71,89,69,653
562,24,M,3,Video_SZ17.mp4,5,Patient,25,67,66,24,44,96,25,39,33,54,35,441
562,24,M,3,Video_SZ10.mp4,6,Patient,39,23,94,83,62,101,57,27,84,36,79,662
562,24,M,3,Video_SZ11.mp4,7,Patient,72,59,31,71,41,10,35,55,6,26,43,390
562,24,M,3,Video_P5.mp4,8,Healthy,60,64,61,24,58,1,32,21,35,28,38,358
562,24,M,3,Video_P11.mp4,9,Healthy,65,73,48,60,67,1,26,41,30,25,29,392
562,24,M,3,Video_P6.mp4,10,Healthy,67,71,24,67,42,1,44,56,53,82,31,467
565,39,M,1,Video_P12.mp4,1,Healthy,76,17,61,62,64,15,64,42,50,49,85,568
565,39,M,1,Video_SZ10.mp4,2,Patient,75,7,42,62,77,9,65,60,57,64,95,606
565,39,M,1,Video_SZ19.mp4,3,Patient,63,15,72,70,67,20,36,51,67,38,87,571
565,39,M,1,Video_P20.mp4,4,Healthy,79,14,81,89,83,15,67,76,73,87,88,738
565,39,M,1,Video_SZ20.mp4,5,Patient,80,90,67,81,82,4,82,81,90,84,12,663
565,39,M,1,Video_P5.mp4,6,Healthy,85,11,67,73,75,5,78,78,80,76,91,708
565,39,M,1,Video_P1.mp4,7,Healthy,47,26,67,43,65,77,34,36,49,56,76,550
565,39,M,1,Video_SZ4.mp4,8,Patient,73,14,67,78,78,12,62,74,82,73,88,687
565,39,M,1,Video_P15.mp4,9,Healthy,36,43,82,52,68,85,32,29,20,29,59,492
565,39,M,1,Video_SZ8.mp4,10,Patient,42,6,67,28,37,84,36,36,39,32,96,497
569,23,M,2,Video_P6.mp4,1,Healthy,94,46,92,71,80,13,81,58,48,88,56,681
569,23,M,2,Video_P20.mp4,2,Healthy,31,89,58,51,24,8,35,24,47,16,13,307
569,23,M,2,Video_SZ20.mp4,3,Patient,22,42,38,54,44,88,53,52,29,27,60,467
569,23,M,2,Video_P15.mp4,4,Healthy,39,87,35,30,50,101,57,45,55,26,15,453
569,23,M,2,Video_SZ8.mp4,5,Patient,26,71,20,23,38,99,28,15,15,25,31,320
569,23,M,2,Video_P8.mp4,6,Healthy,87,50,79,71,84,24,68,66,61,69,52,661
569,23,M,2,Video_P18.mp4,7,Healthy,91,19,79,101,81,1,90,87,90,58,83,761
569,23,M,2,Video_SZ5.mp4,8,Patient,76,34,47,54,64,78,80,53,42,17,68,579
569,23,M,2,Video_SZ14.mp4,9,Patient,28,83,17,37,44,98,19,20,63,17,19,362
569,23,M,2,Video_SZ2.mp4,10,Patient,86,91,79,78,48,11,49,71,33,74,11,540
572,20,F,3,Video_SZ5.mp4,1,Patient,32,88,31,19,31,31,22,27,17,31,14,255
572,20,F,3,Video_P10.mp4,2,Healthy,39,44,42,31,35,30,32,41,26,24,58,358
572,20,F,3,Video_P4.mp4,3,Healthy,42,101,42,53,47,52,44,41,37,52,1,411
572,20,F,3,Video_P1.mp4,4,Healthy,76,22,65,75,71,80,71,72,74,68,80,732
572,20,F,3,Video_SZ17.mp4,5,Patient,71,73,87,72,69,89,64,80,75,64,29,700
572,20,F,3,Video_SZ9.mp4,6,Patient,16,85,15,101,14,10,11,9,8,2,17,203
572,20,F,3,Video_SZ20.mp4,7,Patient,41,44,67,16,35,20,13,20,22,19,58,311
572,20,F,3,Video_SZ4.mp4,8,Patient,35,45,27,31,40,13,14,17,35,21,57,290
572,20,F,3,Video_P17.mp4,9,Healthy,33,89,31,24,18,9,10,8,22,10,13,178
572,20,F,3,Video_P19.mp4,10,Healthy,26,22,25,12,16,6,14,25,28,28,80,260
575,25,F,3,Video_SZ20.mp4,1,Patient,80,33,62,73,70,1,25,63,72,70,69,585
575,25,F,3,Video_P6.mp4,2,Healthy,101,1,101,101,101,36,101,95,101,82,101,920
575,25,F,3,Video_SZ6.mp4,3,Patient,69,72,74,89,28,7,88,24,86,81,30,576
575,25,F,3,Video_SZ17.mp4,4,Patient,97,101,98,84,61,101,42,31,25,72,1,612
575,25,F,3,Video_SZ14.mp4,5,Patient,92,11,83,93,101,19,97,101,69,92,91,838
575,25,F,3,Video_P17.mp4,6,Healthy,62,68,63,77,58,38,67,78,68,77,34,622
575,25,F,3,Video_P20.mp4,7,Healthy,101,1,83,101,68,1,20,97,101,100,101,773
575,25,F,3,Video_P10.mp4,8,Healthy,101,1,101,101,101,81,101,101,101,101,101,990
575,25,F,3,Video_P13.mp4,9,Healthy,78,1,78,86,78,20,59,48,82,74,101,704
575,25,F,3,Video_SZ1.mp4,10,Patient,76,61,79,79,75,1,72,78,33,70,41,604
581,26,F,3,Video_SZ13.mp4,1,Patient,45,35,71,49,71,8,10,35,50,75,67,481
581,26,F,3,Video_SZ7.mp4,2,Patient,44,7,59,31,23,77,31,38,37,27,95,462
581,26,F,3,Video_P4.mp4,3,Healthy,81,15,64,78,64,51,84,82,88,87,87,766
581,26,F,3,Video_P6.mp4,4,Healthy,16,89,65,9,17,71,15,12,14,14,13,246
581,26,F,3,Video_P8.mp4,5,Healthy,52,37,25,51,38,24,28,43,51,30,65,407
581,26,F,3,Video_SZ6.mp4,6,Patient,64,45,18,66,25,32,48,33,41,28,57,412
581,26,F,3,Video_P17.mp4,7,Healthy,10,101,83,20,25,4,91,1,1,1,1,237
581,26,F,3,Video_P14.mp4,8,Healthy,64,24,40,57,42,12,51,50,49,68,78,511
581,26,F,3,Video_SZ18.mp4,9,Patient,61,36,20,62,61,4,46,39,41,24,66,424
581,26,F,3,Video_SZ14.mp4,10,Patient,50,54,51,50,51,49,50,51,51,51,48,502
582,54,M,3,Video_P12.mp4,1,Healthy,56,53,80,80,101,91,55,53,56,82,49,703
582,54,M,3,Video_SZ3.mp4,2,Patient,52,53,52,100,52,64,101,55,54,44,49,623
582,54,M,3,Video_SZ7.mp4,3,Patient,101,40,63,65,46,64,60,65,65,63,62,654
582,54,M,3,Video_SZ2.mp4,4,Patient,54,54,53,53,55,62,44,42,101,56,48,568
582,54,M,3,Video_P19.mp4,5,Healthy,49,94,51,50,52,59,51,41,43,51,8,455
582,54,M,3,Video_P2.mp4,6,Healthy,59,45,50,62,60,63,53,52,60,68,57,584
582,54,M,3,Video_P15.mp4,7,Healthy,58,39,63,53,52,55,46,52,45,53,63,540
582,54,M,3,Video_SZ20.mp4,8,Patient,60,52,58,62,60,45,61,58,64,61,50,579
582,54,M,3,Video_P16.mp4,9,Healthy,56,46,67,51,56,66,55,54,48,52,56,561
582,54,M,3,Video_SZ19.mp4,10,Patient,52,48,49,53,56,64,55,50,51,50,54,534
592,58,F,3,Video_SZ4.mp4,1,Patient,27,29,36,18,18,80,19,14,16,20,73,321
592,58,F,3,Video_SZ10.mp4,2,Patient,101,101,26,22,101,76,101,17,101,20,1,566
592,58,F,3,Video_SZ11.mp4,3,Patient,13,23,17,16,15,77,21,101,22,17,79,378
592,58,F,3,Video_P18.mp4,4,Healthy,16,17,14,22,16,76,16,18,16,13,85,292
592,58,F,3,Video_P10.mp4,5,Healthy,30,101,23,21,19,93,19,16,22,25,1,269
592,58,F,3,Video_P1.mp4,6,Healthy,44,52,25,48,52,64,36,22,1,35,50,377
592,58,F,3,Video_SZ7.mp4,7,Patient,1,46,35,28,18,101,17,26,1,21,56,304
592,58,F,3,Video_SZ13.mp4,8,Patient,16,15,1,13,12,81,7,7,13,101,87,338
592,58,F,3,Video_P8.mp4,9,Healthy,20,17,21,32,33,69,22,35,23,29,85,369
592,58,F,3,Video_P7.mp4,10,Healthy,20,50,25,23,1,68,1,20,11,28,52,249
594,22,M,3,Video_P8.mp4,1,Healthy,74,1,53,72,52,1,1,19,101,100,101,574
594,22,M,3,Video_SZ3.mp4,2,Patient,36,54,67,55,50,69,18,25,49,89,48,506
594,22,M,3,Video_SZ16.mp4,3,Patient,23,74,53,50,50,24,18,17,78,53,28,394
594,22,M,3,Video_P7.mp4,4,Healthy,86,21,97,81,51,101,87,90,90,90,81,854
594,22,M,3,Video_P6.mp4,5,Healthy,73,39,77,75,62,1,41,52,79,88,63,611
594,22,M,3,Video_SZ10.mp4,6,Patient,33,81,35,43,55,6,18,52,85,80,21,428
594,22,M,3,Video_P10.mp4,7,Healthy,78,16,89,75,74,60,73,69,78,77,86,759
594,22,M,3,Video_P16.mp4,8,Healthy,77,66,63,78,72,11,38,55,69,84,36,583
594,22,M,3,Video_SZ12.mp4,9,Patient,11,101,52,9,21,6,8,8,50,38,1,204
594,22,M,3,Video_SZ1.mp4,10,Patient,67,31,51,71,57,61,73,73,83,84,71,691
595,28,M,1,Video_P14.mp4,1,Healthy,63,51,68,74,71,32,63,54,50,71,51,597
595,28,M,1,Video_SZ13.mp4,2,Patient,67,54,57,64,60,16,65,67,65,69,48,578
595,28,M,1,Video_SZ16.mp4,3,Patient,64,43,57,57,42,78,55,59,51,74,59,596
595,28,M,1,Video_P9.mp4,4,Healthy,74,46,66,65,67,17,58,59,68,84,56,614
595,28,M,1,Video_SZ19.mp4,5,Patient,76,29,63,82,67,65,84,73,74,60,73,717
595,28,M,1,Video_P15.mp4,6,Healthy,70,35,62,54,62,71,65,71,67,69,67,658
595,28,M,1,Video_P8.mp4,7,Healthy,83,34,82,69,70,23,76,69,71,79,68,690
595,28,M,1,Video_SZ20.mp4,8,Patient,61,65,67,43,29,53,47,54,31,52,37,474
595,28,M,1,Video_P13.mp4,9,Healthy,60,51,65,54,63,24,36,59,37,57,51,506
595,28,M,1,Video_SZ2.mp4,10,Patient,60,40,64,64,64,42,59,58,62,64,62,599
624,20,F,3,Video_P20.mp4,1,Healthy,68,75,70,66,51,1,31,56,51,69,27,490
624,20,F,3,Video_P10.mp4,2,Healthy,71,10,58,76,46,69,73,68,67,52,92,672
624,20,F,3,Video_SZ17.mp4,3,Patient,73,21,51,73,51,101,70,57,65,71,81,693
624,20,F,3,Video_SZ9.mp4,4,Patient,18,86,51,30,1,1,18,20,1,14,16,170
624,20,F,3,Video_SZ11.mp4,5,Patient,59,80,53,31,54,1,59,50,34,41,22,404
624,20,F,3,Video_SZ8.mp4,6,Patient,101,14,62,101,32,101,79,58,101,37,88,760
624,20,F,3,Video_P7.mp4,7,Healthy,78,9,75,101,101,101,82,76,101,91,93,899
624,20,F,3,Video_SZ5.mp4,8,Patient,86,35,77,101,58,90,81,53,73,74,67,760
624,20,F,3,Video_P18.mp4,9,Healthy,64,73,37,32,57,33,28,38,25,38,29,381
624,20,F,3,Video_P16.mp4,10,Healthy,53,36,49,37,41,1,38,52,53,26,66,416
645,22,F,2,Video_SZ5.mp4,1,Patient,36,49,63,41,20,65,54,35,22,50,53,439
645,22,F,2,Video_P17.mp4,2,Healthy,73,48,61,56,52,12,70,21,31,63,54,493
645,22,F,2,Video_P11.mp4,3,Healthy,60,65,52,65,52,19,53,21,52,71,37,482
645,22,F,2,Video_SZ3.mp4,4,Patient,83,26,57,69,44,28,80,75,56,64,76,632
645,22,F,2,Video_SZ11.mp4,5,Patient,41,66,63,63,41,6,39,26,25,46,36,386
645,22,F,2,Video_P13.mp4,6,Healthy,77,31,35,70,55,27,64,30,64,59,71,552
645,22,F,2,Video_SZ17.mp4,7,Patient,80,35,69,81,80,66,72,47,75,71,67,708
645,22,F,2,Video_SZ10.mp4,8,Patient,80,28,48,83,73,22,89,73,37,73,74,652
645,22,F,2,Video_P6.mp4,9,Healthy,89,39,56,91,72,37,81,72,77,94,63,732
645,22,F,2,Video_P10.mp4,10,Healthy,83,50,51,92,54,74,83,81,100,91,52,761
648,24,F,1,Video_P14.mp4,1,Healthy,52,51,49,59,61,4,61,56,36,23,51,452
648,24,F,1,Video_SZ7.mp4,2,Patient,53,40,49,64,57,77,62,85,50,76,62,635
648,24,F,1,Video_SZ9.mp4,3,Patient,49,50,49,52,50,51,49,50,50,52,52,504
648,24,F,1,Video_SZ10.mp4,4,Patient,54,36,51,62,68,28,68,72,52,67,66,588
648,24,F,1,Video_P13.mp4,5,Healthy,52,32,53,51,46,40,52,51,56,49,70,520
648,24,F,1,Video_P15.mp4,6,Healthy,100,12,51,79,101,1,76,79,76,98,90,751
648,24,F,1,Video_SZ13.mp4,7,Patient,51,34,50,65,68,40,65,71,65,65,68,608
648,24,F,1,Video_P1.mp4,8,Healthy,59,37,50,63,51,52,64,61,68,67,65,600
648,24,F,1,Video_P8.mp4,9,Healthy,40,50,50,34,24,62,39,37,53,33,52,424
648,24,F,1,Video_SZ4.mp4,10,Patient,59,50,52,63,50,40,65,57,58,61,52,557
656,22,M,3,Video_SZ19.mp4,1,Patient,53,27,46,51,48,61,53,53,56,53,75,549
656,22,M,3,Video_P13.mp4,2,Healthy,61,40,61,58,52,29,53,53,66,54,62,549
656,22,M,3,Video_P14.mp4,3,Healthy,42,67,61,48,38,64,49,41,36,51,35,465
656,22,M,3,Video_SZ14.mp4,4,Patient,26,86,37,35,34,61,25,27,22,25,16,308
656,22,M,3,Video_P17.mp4,5,Healthy,48,51,52,51,53,51,46,47,49,49,51,497
656,22,M,3,Video_SZ15.mp4,6,Patient,51,61,39,45,44,68,39,40,42,41,41,450
656,22,M,3,Video_SZ17.mp4,7,Patient,65,44,52,61,53,60,53,57,55,60,58,574
656,22,M,3,Video_SZ13.mp4,8,Patient,48,59,49,56,39,31,49,49,49,58,43,471
656,22,M,3,Video_P10.mp4,9,Healthy,61,57,57,58,49,68,56,59,54,59,45,566
656,22,M,3,Video_P2.mp4,10,Healthy,43,64,41,39,47,60,39,36,33,39,38,415
660,23,F,2,Video_P19.mp4,1,Healthy,101,74,22,101,77,1,101,76,63,101,28,671
660,23,F,2,Video_SZ17.mp4,2,Patient,101,1,63,33,28,74,101,89,101,44,101,735
660,23,F,2,Video_P1.mp4,3,Healthy,99,1,100,99,99,2,101,80,76,100,101,857
660,23,F,2,Video_SZ8.mp4,4,Patient,1,52,76,3,69,101,21,19,3,2,50,345
660,23,F,2,Video_SZ4.mp4,5,Patient,79,100,28,76,82,1,23,2,54,101,2,448
660,23,F,2,Video_P15.mp4,6,Healthy,101,1,101,101,74,67,101,100,52,101,101,899
660,23,F,2,Video_P16.mp4,7,Healthy,77,85,25,90,69,6,44,38,49,82,17,497
660,23,F,2,Video_SZ10.mp4,8,Patient,17,83,42,54,22,34,16,17,6,5,19,232
660,23,F,2,Video_P6.mp4,9,Healthy,72,54,81,75,92,18,53,64,89,94,48,686
660,23,F,2,Video_SZ20.mp4,10,Patient,84,53,79,71,82,13,62,34,36,72,49,582
661,50,M,1,Video_SZ8.mp4,1,Patient,50,52,53,53,53,51,51,51,53,53,50,518
661,50,M,1,Video_P8.mp4,2,Healthy,50,51,50,49,51,53,53,48,47,53,51,505
661,50,M,1,Video_P17.mp4,3,Healthy,53,52,52,52,52,51,53,52,51,51,50,517
661,50,M,1,Video_SZ1.mp4,4,Patient,51,53,52,49,56,53,52,53,53,51,49,519
661,50,M,1,Video_P19.mp4,5,Healthy,51,52,53,51,52,55,49,50,51,48,50,510
661,50,M,1,Video_SZ10.mp4,6,Patient,54,53,54,51,48,50,51,47,53,53,49,510
661,50,M,1,Video_SZ13.mp4,7,Patient,50,51,53,49,50,50,48,48,48,44,51,491
661,50,M,1,Video_P14.mp4,8,Healthy,51,52,52,50,53,50,52,51,51,50,50,510
661,50,M,1,Video_SZ9.mp4,9,Patient,51,50,51,48,51,50,48,50,51,50,52,502
661,50,M,1,Video_P12.mp4,10,Healthy,51,51,54,50,50,48,50,49,48,50,51,501
662,28,F,3,Video_P16.mp4,1,Healthy,49,11,66,40,49,2,17,31,48,71,91,464
662,28,F,3,Video_P1.mp4,2,Healthy,87,1,69,71,68,22,67,50,71,71,101,677
662,28,F,3,Video_P17.mp4,3,Healthy,27,73,50,21,36,13,1,1,1,1,29,180
662,28,F,3,Video_P7.mp4,4,Healthy,90,13,90,87,72,75,88,67,85,72,89,815
662,28,F,3,Video_SZ18.mp4,5,Patient,13,101,38,25,50,1,30,5,27,14,1,204
662,28,F,3,Video_SZ9.mp4,6,Patient,52,72,52,38,47,13,12,12,1,19,30,276
662,28,F,3,Video_P4.mp4,7,Healthy,80,16,72,81,56,23,78,70,72,73,86,691
662,28,F,3,Video_SZ13.mp4,8,Patient,67,13,68,70,72,20,51,51,51,62,89,601
662,28,F,3,Video_SZ15.mp4,9,Patient,49,78,66,60,59,16,43,38,33,36,24,424
662,28,F,3,Video_SZ20.mp4,10,Patient,51,72,48,53,54,1,1,21,33,17,30,309
665,26,F,2,Video_P7.mp4,1,Healthy,86,11,78,92,86,11,88,90,83,75,91,780
665,26,F,2,Video_P1.mp4,2,Healthy,64,59,37,63,52,30,66,66,61,56,43,538
665,26,F,2,Video_SZ14.mp4,3,Patient,39,51,53,54,52,69,45,46,41,25,51,475
665,26,F,2,Video_SZ16.mp4,4,Patient,42,58,35,52,44,83,101,49,38,33,44,521
665,26,F,2,Video_SZ2.mp4,5,Patient,72,22,56,76,90,6,59,64,91,91,80,685
665,26,F,2,Video_P3.mp4,6,Healthy,66,12,60,58,60,27,88,58,69,61,90,637
665,26,F,2,Video_P13.mp4,7,Healthy,63,13,38,56,22,71,37,52,63,44,89,535
665,26,F,2,Video_P2.mp4,8,Healthy,81,1,78,91,101,2,89,80,101,101,101,825
665,26,F,2,Video_SZ3.mp4,9,Patient,79,16,66,69,65,22,75,71,75,83,86,691
665,26,F,2,Video_SZ20.mp4,10,Patient,61,5,61,67,55,17,56,58,81,88,97,641
667,26,F,3,Video_P17.mp4,1,Healthy,49,54,54,52,52,40,50,56,55,51,48,507
667,26,F,3,Video_SZ8.mp4,2,Patient,101,101,58,101,64,78,57,101,50,50,1,661
667,26,F,3,Video_SZ9.mp4,3,Patient,53,56,53,52,101,24,101,38,53,101,46,622
667,26,F,3,Video_P3.mp4,4,Healthy,77,25,58,71,55,49,74,69,53,67,77,650
667,26,F,3,Video_P12.mp4,5,Healthy,51,101,64,68,54,101,37,47,58,40,1,521
667,26,F,3,Video_SZ11.mp4,6,Patient,61,68,49,50,53,31,39,31,51,37,34,436
667,26,F,3,Video_SZ3.mp4,7,Patient,50,101,50,53,50,49,48,48,44,49,1,442
667,26,F,3,Video_P1.mp4,8,Healthy,71,101,51,59,53,69,62,53,48,59,1,526
667,26,F,3,Video_P16.mp4,9,Healthy,60,42,67,68,56,47,66,64,55,63,60,606
667,26,F,3,Video_SZ18.mp4,10,Patient,49,35,53,48,50,48,47,33,46,44,67,485
669,22,F,3,Video_P14.mp4,1,Healthy,39,49,44,39,29,1,38,37,51,37,53,368
669,22,F,3,Video_SZ4.mp4,2,Patient,30,61,24,38,16,30,28,19,9,10,41,245
669,22,F,3,Video_P13.mp4,3,Healthy,69,12,56,51,49,39,40,45,51,50,90,540
669,22,F,3,Video_SZ2.mp4,4,Patient,39,58,39,37,38,44,39,27,43,35,44,385
669,22,F,3,Video_P5.mp4,5,Healthy,35,37,49,41,43,5,47,41,51,35,65,412
669,22,F,3,Video_SZ8.mp4,6,Patient,64,1,58,70,70,51,63,68,60,77,101,682
669,22,F,3,Video_SZ17.mp4,7,Patient,76,1,72,71,72,42,75,76,74,74,101,733
669,22,F,3,Video_P8.mp4,8,Healthy,74,1,85,74,86,44,75,78,86,87,101,790
669,22,F,3,Video_P12.mp4,9,Healthy,46,9,49,57,42,29,34,56,40,44,93,490
669,22,F,3,Video_SZ9.mp4,10,Patient,20,85,9,20,19,1,29,3,6,1,17,125
672,20,F,3,Video_P2.mp4,1,Healthy,27,58,25,28,41,10,49,35,36,56,44,351
672,20,F,3,Video_P3.mp4,2,Healthy,47,60,53,66,39,15,65,30,35,51,42,443
672,20,F,3,Video_P7.mp4,3,Healthy,24,11,46,25,36,35,30,21,17,30,91,355
672,20,F,3,Video_SZ6.mp4,4,Patient,64,67,49,56,47,18,30,27,39,51,35,416
672,20,F,3,Video_SZ13.mp4,5,Patient,49,59,58,66,63,18,65,58,59,60,43,539
672,20,F,3,Video_SZ14.mp4,6,Patient,50,47,50,41,46,49,49,49,45,52,55,486
672,20,F,3,Video_SZ2.mp4,7,Patient,67,6,38,57,37,46,56,39,20,56,96,512
672,20,F,3,Video_SZ18.mp4,8,Patient,17,16,10,17,27,72,20,17,14,27,86,307
672,20,F,3,Video_P11.mp4,9,Healthy,22,8,23,33,19,56,61,51,21,45,94,425
672,20,F,3,Video_P17.mp4,10,Healthy,25,17,20,33,29,61,22,27,12,53,85,367
688,33,F,3,Video_P17.mp4,1,Healthy,54,53,51,54,19,1,22,1,34,17,49,302
688,33,F,3,Video_SZ16.mp4,2,Patient,18,1,53,10,9,88,1,1,18,20,101,319
688,33,F,3,Video_SZ8.mp4,3,Patient,13,79,82,12,79,87,13,17,10,25,23,361
688,33,F,3,Video_SZ3.mp4,4,Patient,87,62,33,89,70,33,68,71,70,101,40,662
688,33,F,3,Video_P9.mp4,5,Healthy,92,13,90,93,69,1,36,31,92,101,89,694
688,33,F,3,Video_SZ10.mp4,6,Patient,20,18,90,16,18,76,15,14,16,18,84,367
688,33,F,3,Video_P3.mp4,7,Healthy,101,1,69,101,33,80,101,90,78,101,101,855
688,33,F,3,Video_P16.mp4,8,Healthy,36,62,90,33,34,86,30,15,12,69,40,445
688,33,F,3,Video_P12.mp4,9,Healthy,66,83,30,67,20,24,31,8,19,36,19,320
688,33,F,3,Video_SZ4.mp4,10,Patient,15,65,11,58,28,8,29,11,10,31,37,238
694,60,F,3,Video_SZ4.mp4,1,Patient,51,101,25,30,3,17,4,8,9,43,1,191
694,60,F,3,Video_P15.mp4,2,Healthy,53,83,48,13,12,21,48,15,7,70,19,306
694,60,F,3,Video_P16.mp4,3,Healthy,82,15,50,56,51,29,83,51,67,75,87,631
694,60,F,3,Video_SZ8.mp4,4,Patient,46,53,101,54,53,48,49,57,46,53,49,556
694,60,F,3,Video_SZ1.mp4,5,Patient,76,9,47,49,48,48,62,47,50,71,93,591
694,60,F,3,Video_SZ2.mp4,6,Patient,53,48,53,46,49,51,53,54,46,54,54,513
694,60,F,3,Video_P11.mp4,7,Healthy,49,24,49,51,46,81,53,53,75,89,78,624
694,60,F,3,Video_SZ10.mp4,8,Patient,51,51,49,60,101,54,59,46,50,54,51,575
694,60,F,3,Video_P20.mp4,9,Healthy,27,75,52,29,101,15,101,12,18,24,27,406
694,60,F,3,Video_P17.mp4,10,Healthy,37,74,28,32,32,21,19,1,34,45,28,277
695,23,M,3,Video_P6.mp4,1,Healthy,64,30,71,73,74,25,80,50,69,28,72,606
695,23,M,3,Video_SZ9.mp4,2,Patient,48,79,74,49,20,71,22,28,24,23,23,382
695,23,M,3,Video_SZ3.mp4,3,Patient,67,24,72,75,25,46,68,65,73,70,78,639
695,23,M,3,Video_SZ19.mp4,4,Patient,49,52,69,50,27,88,30,25,24,9,50,421
695,23,M,3,Video_SZ5.mp4,5,Patient,90,10,87,82,80,49,48,82,87,81,92,778
695,23,M,3,Video_SZ4.mp4,6,Patient,69,47,81,75,63,1,66,52,50,76,55,588
695,23,M,3,Video_P10.mp4,7,Healthy,87,11,90,79,85,48,83,80,96,89,91,828
695,23,M,3,Video_P1.mp4,8,Healthy,76,27,67,78,64,1,49,49,47,72,75,578
695,23,M,3,Video_P8.mp4,9,Healthy,80,11,86,76,66,9,80,69,76,78,91,711
695,23,M,3,Video_P18.mp4,10,Healthy,27,29,67,33,50,69,27,22,51,26,73,445
696,19,F,3,Video_SZ6.mp4,1,Patient,48,67,51,51,51,30,32,49,51,49,35,447
696,19,F,3,Video_P20.mp4,2,Healthy,71,6,50,73,59,8,50,51,66,78,96,602
696,19,F,3,Video_P8.mp4,3,Healthy,62,10,48,50,47,77,37,25,25,15,92,478
696,19,F,3,Video_P17.mp4,4,Healthy,79,1,52,65,50,16,62,67,83,94,101,669
696,19,F,3,Video_P12.mp4,5,Healthy,80,1,61,77,78,1,66,75,79,85,101,703
696,19,F,3,Video_SZ8.mp4,6,Patient,15,59,52,18,45,79,17,19,10,29,43,327
696,19,F,3,Video_SZ19.mp4,7,Patient,37,66,49,38,49,75,21,27,48,28,36,408
696,19,F,3,Video_SZ4.mp4,8,Patient,82,1,50,101,58,1,75,72,77,93,101,710
696,19,F,3,Video_SZ1.mp4,9,Patient,72,1,52,76,59,1,66,66,66,71,101,630
696,19,F,3,Video_P4.mp4,10,Healthy,58,10,49,60,46,69,29,21,58,63,92,545
699,21,M,3,Video_P16.mp4,1,Healthy,88,6,82,85,50,29,49,51,62,91,96,683
699,21,M,3,Video_P19.mp4,2,Healthy,50,50,91,51,53,39,51,39,50,40,52,516
699,21,M,3,Video_P6.mp4,3,Healthy,75,27,91,87,49,58,51,54,81,70,75,691
699,21,M,3,Video_SZ16.mp4,4,Patient,101,28,52,92,40,76,67,92,72,72,74,738
699,21,M,3,Video_SZ9.mp4,5,Patient,50,61,49,51,50,18,43,50,30,24,41,406
699,21,M,3,Video_P1.mp4,6,Healthy,84,42,47,50,38,97,42,43,52,9,60,522
699,21,M,3,Video_SZ5.mp4,7,Patient,63,31,94,63,50,62,76,56,51,72,71,658
699,21,M,3,Video_SZ1.mp4,8,Patient,69,35,52,62,49,38,52,49,49,52,67,539
699,21,M,3,Video_P4.mp4,9,Healthy,58,41,72,61,51,53,39,53,33,33,61,514
699,21,M,3,Video_SZ15.mp4,10,Patient,66,20,60,61,53,34,53,52,51,50,82,562
701,20,F,3,Video_P2.mp4,1,Healthy,80,23,70,79,83,1,41,61,73,91,79,658
701,20,F,3,Video_SZ19.mp4,2,Patient,14,36,42,10,8,81,15,7,1,35,66,279
701,20,F,3,Video_P15.mp4,3,Healthy,75,1,82,66,57,95,75,83,72,70,101,776
701,20,F,3,Video_SZ3.mp4,4,Patient,44,90,51,51,36,1,13,5,16,21,12,250
701,20,F,3,Video_SZ15.mp4,5,Patient,82,11,76,79,76,1,59,67,68,101,91,700
701,20,F,3,Video_SZ7.mp4,6,Patient,34,18,61,23,39,83,12,26,51,42,84,455
701,20,F,3,Video_SZ1.mp4,7,Patient,73,49,79,82,83,53,82,71,76,65,53,717
701,20,F,3,Video_P10.mp4,8,Healthy,80,23,88,74,89,55,89,92,81,74,79,801
701,20,F,3,Video_P8.mp4,9,Healthy,64,7,59,63,57,71,54,34,50,63,95,610
701,20,F,3,Video_P9.mp4,10,Healthy,64,15,71,69,81,1,68,70,81,80,87,672
705,24,F,2,Video_SZ9.mp4,1,Patient,65,56,53,59,39,14,43,31,22,38,46,410
705,24,F,2,Video_SZ5.mp4,2,Patient,92,15,57,86,49,51,69,75,72,73,87,711
705,24,F,2,Video_P7.mp4,3,Healthy,68,51,58,63,63,20,51,55,48,49,51,526
705,24,F,2,Video_SZ4.mp4,4,Patient,60,22,78,57,50,81,53,49,57,51,80,616
705,24,F,2,Video_P15.mp4,5,Healthy,64,24,70,71,59,54,62,66,68,65,78,657
705,24,F,2,Video_P1.mp4,6,Healthy,54,42,73,54,54,62,57,51,56,48,60,569
705,24,F,2,Video_P6.mp4,7,Healthy,76,20,59,75,62,21,73,64,68,65,82,645
705,24,F,2,Video_SZ16.mp4,8,Patient,53,24,66,66,51,81,41,36,45,49,78,566
705,24,F,2,Video_SZ10.mp4,9,Patient,64,23,67,74,54,31,49,51,68,61,79,598
705,24,F,2,Video_P4.mp4,10,Healthy,71,61,64,64,52,21,57,51,51,50,41,522
706,20,F,3,Video_P1.mp4,1,Healthy,73,101,92,71,40,66,75,38,67,85,1,608
706,20,F,3,Video_P5.mp4,2,Healthy,50,101,52,58,41,1,53,1,67,74,1,398
706,20,F,3,Video_SZ14.mp4,3,Patient,58,8,74,73,72,38,101,81,101,101,94,793
706,20,F,3,Video_SZ16.mp4,4,Patient,39,87,85,12,1,86,41,33,32,43,15,387
706,20,F,3,Video_SZ5.mp4,5,Patient,24,101,23,1,1,101,19,34,53,24,1,281
706,20,F,3,Video_P9.mp4,6,Healthy,37,19,6,55,38,1,1,30,61,101,83,413
706,20,F,3,Video_SZ7.mp4,7,Patient,90,1,78,92,52,52,92,77,88,86,101,808
706,20,F,3,Video_P4.mp4,8,Healthy,101,1,101,86,50,51,101,101,101,91,101,884
706,20,F,3,Video_SZ3.mp4,9,Patient,1,68,1,38,1,101,28,44,51,64,34,363
706,20,F,3,Video_P12.mp4,10,Healthy,101,10,101,101,64,70,101,101,94,88,92,913
707,18,M,3,Video_P2.mp4,1,Healthy,77,48,66,52,51,31,49,50,101,101,54,632
707,18,M,3,Video_P9.mp4,2,Healthy,70,18,72,88,67,1,64,71,68,58,84,643
707,18,M,3,Video_SZ18.mp4,3,Patient,32,53,31,21,9,88,39,31,31,50,49,381
707,18,M,3,Video_P12.mp4,4,Healthy,76,52,72,81,50,41,85,66,82,76,50,679
707,18,M,3,Video_SZ12.mp4,5,Patient,44,62,44,51,38,39,46,43,41,40,40,426
707,18,M,3,Video_P13.mp4,6,Healthy,64,51,66,74,52,44,70,59,74,61,51,615
707,18,M,3,Video_SZ1.mp4,7,Patient,62,25,46,65,51,1,50,49,46,37,77,484
707,18,M,3,Video_SZ20.mp4,8,Patient,64,62,101,64,40,8,32,30,55,34,40,468
707,18,M,3,Video_P11.mp4,9,Healthy,29,52,50,64,31,60,51,46,63,60,50,504
707,18,M,3,Video_SZ13.mp4,10,Patient,46,65,54,51,51,27,49,48,54,54,37,471
731,26,F,3,Video_SZ10.mp4,1,Patient,6,83,74,49,10,75,1,1,1,1,19,237
731,26,F,3,Video_SZ18.mp4,2,Patient,57,28,48,51,51,32,25,50,49,52,74,489
731,26,F,3,Video_SZ13.mp4,3,Patient,80,35,63,75,77,1,81,75,72,92,67,683
731,26,F,3,Video_SZ5.mp4,4,Patient,96,15,76,78,52,53,96,78,99,100,87,815
731,26,F,3,Video_P17.mp4,5,Healthy,14,96,51,43,8,47,10,1,1,6,6,187
731,26,F,3,Video_P5.mp4,6,Healthy,50,23,60,56,49,51,50,50,50,89,79,584
731,26,F,3,Video_P20.mp4,7,Healthy,89,15,50,50,72,4,65,53,89,101,87,660
731,26,F,3,Video_SZ6.mp4,8,Patient,83,6,90,86,81,56,89,74,84,101,96,840
731,26,F,3,Video_P8.mp4,9,Healthy,50,50,48,57,47,101,52,52,47,49,52,555
731,26,F,3,Video_P15.mp4,10,Healthy,72,23,94,66,71,67,88,81,87,100,79,805
732,20,M,3,Video_P14.mp4,1,Healthy,32,49,69,36,27,31,11,5,31,50,53,345
732,20,M,3,Video_SZ16.mp4,2,Patient,60,69,47,63,56,2,13,17,50,52,33,393
732,20,M,3,Video_P13.mp4,3,Healthy,21,65,50,44,21,67,9,1,19,39,37,308
732,20,M,3,Video_SZ6.mp4,4,Patient,62,36,64,67,59,13,16,14,56,31,66,448
732,20,M,3,Video_SZ17.mp4,5,Patient,38,68,25,23,31,38,3,10,26,36,34,264
732,20,M,3,Video_P3.mp4,6,Healthy,17,28,72,27,31,10,8,9,26,34,74,308
732,20,M,3,Video_P5.mp4,7,Healthy,71,49,86,87,50,2,25,28,57,53,53,512
732,20,M,3,Video_SZ13.mp4,8,Patient,40,30,72,22,28,33,16,7,17,35,72,342
732,20,M,3,Video_SZ15.mp4,9,Patient,61,57,70,65,40,13,16,16,59,53,45,438
732,20,M,3,Video_P18.mp4,10,Healthy,64,94,49,53,50,42,13,16,52,50,8,397
734,20,F,2,Video_SZ17.mp4,1,Patient,45,31,19,39,31,5,6,10,51,61,71,338
734,20,F,2,Video_SZ18.mp4,2,Patient,10,33,36,50,1,42,16,8,17,28,69,277
734,20,F,2,Video_P4.mp4,3,Healthy,87,7,65,77,67,9,68,69,57,87,95,681
734,20,F,2,Video_P20.mp4,4,Healthy,23,50,1,54,19,1,42,71,67,61,52,391
734,20,F,2,Video_SZ14.mp4,5,Patient,7,101,85,12,1,1,4,1,9,24,1,145
734,20,F,2,Video_P7.mp4,6,Healthy,25,51,15,32,49,1,22,30,17,9,51,251
734,20,F,2,Video_SZ9.mp4,7,Patient,1,81,35,1,1,101,101,1,1,101,21,364
734,20,F,2,Video_P15.mp4,8,Healthy,22,67,14,20,25,19,34,17,17,1,35,204
734,20,F,2,Video_SZ2.mp4,9,Patient,77,14,74,73,49,5,79,8,55,63,88,571
734,20,F,2,Video_P11.mp4,10,Healthy,14,65,77,18,29,101,5,1,1,30,37,313
750,22,F,3,Video_P4.mp4,1,Healthy,43,72,31,49,72,11,39,31,31,40,30,377
750,22,F,3,Video_P5.mp4,2,Healthy,58,66,46,58,31,55,63,52,42,65,36,506
750,22,F,3,Video_P8.mp4,3,Healthy,27,50,62,26,22,83,25,8,25,16,52,346
750,22,F,3,Video_SZ12.mp4,4,Patient,26,89,5,21,9,11,25,16,15,47,13,188
750,22,F,3,Video_P11.mp4,5,Healthy,16,43,60,20,39,75,19,22,31,24,59,365
750,22,F,3,Video_SZ1.mp4,6,Patient,70,19,57,70,30,37,59,41,33,29,83,509
750,22,F,3,Video_P15.mp4,7,Healthy,60,28,54,34,36,28,38,33,35,50,74,442
750,22,F,3,Video_SZ13.mp4,8,Patient,78,37,62,61,35,18,43,69,56,74,65,561
750,22,F,3,Video_SZ20.mp4,9,Patient,53,63,52,56,45,29,38,62,41,51,39,466
750,22,F,3,Video_SZ11.mp4,10,Patient,59,40,69,63,53,24,65,60,62,64,62,581
763,21,M,3,Video_SZ4.mp4,1,Patient,74,23,77,81,101,32,83,80,83,90,79,780
763,21,M,3,Video_SZ3.mp4,2,Patient,73,71,71,79,69,38,81,77,78,80,31,677
763,21,M,3,Video_P18.mp4,3,Healthy,63,38,61,67,62,65,64,62,63,67,64,638
763,21,M,3,Video_P13.mp4,4,Healthy,66,35,64,62,66,63,67,62,63,61,67,641
763,21,M,3,Video_P14.mp4,5,Healthy,81,34,67,86,86,26,74,87,83,82,68,740
763,21,M,3,Video_SZ1.mp4,6,Patient,72,101,72,64,78,55,71,75,87,77,1,652
763,21,M,3,Video_P19.mp4,7,Healthy,69,34,64,58,66,35,70,66,66,64,68,626
763,21,M,3,Video_SZ9.mp4,8,Patient,80,26,74,74,77,42,74,66,69,74,76,706
763,21,M,3,Video_P3.mp4,9,Healthy,78,6,81,86,67,73,80,86,77,83,96,807
763,21,M,3,Video_SZ6.mp4,10,Patient,72,30,72,73,66,54,72,71,70,67,72,689
764,23,F,3,Video_P9.mp4,1,Healthy,72,1,48,63,52,17,1,35,47,67,101,503
764,23,F,3,Video_P6.mp4,2,Healthy,53,1,50,49,50,52,54,52,50,48,101,559
764,23,F,3,Video_P2.mp4,3,Healthy,49,36,52,52,51,69,53,28,33,75,66,528
764,23,F,3,Video_P8.mp4,4,Healthy,61,49,49,63,52,33,49,50,47,61,53,518
764,23,F,3,Video_SZ4.mp4,5,Patient,52,49,50,52,51,49,50,49,52,48,53,506
764,23,F,3,Video_SZ17.mp4,6,Patient,47,52,49,32,50,50,24,19,32,42,50,395
764,23,F,3,Video_SZ3.mp4,7,Patient,64,54,51,56,51,52,49,53,51,64,48,539
764,23,F,3,Video_P11.mp4,8,Healthy,49,50,53,51,49,54,52,49,51,50,52,510
764,23,F,3,Video_SZ19.mp4,9,Patient,37,66,46,42,50,52,24,33,15,50,36,385
764,23,F,3,Video_SZ18.mp4,10,Patient,46,49,50,48,50,47,49,52,50,50,53,495
771,20,F,3,Video_P4.mp4,1,Healthy,52,52,47,50,50,24,53,52,52,52,50,482
771,20,F,3,Video_SZ14.mp4,2,Patient,58,101,56,54,53,51,50,51,47,55,1,476
771,20,F,3,Video_SZ16.mp4,3,Patient,52,54,53,52,48,53,52,53,101,49,48,561
771,20,F,3,Video_SZ12.mp4,4,Patient,52,52,46,50,56,52,56,46,51,53,50,512
771,20,F,3,Video_SZ15.mp4,5,Patient,52,52,49,59,55,55,28,55,53,68,50,524
771,20,F,3,Video_SZ9.mp4,6,Patient,55,60,47,53,54,52,50,55,62,50,42,520
771,20,F,3,Video_P9.mp4,7,Healthy,58,58,101,52,47,52,47,54,55,52,44,562
771,20,F,3,Video_P17.mp4,8,Healthy,51,49,101,50,53,54,54,53,101,52,53,622
771,20,F,3,Video_P13.mp4,9,Healthy,53,52,52,53,47,53,48,52,101,53,50,562
771,20,F,3,Video_P7.mp4,10,Healthy,56,52,77,52,49,53,77,51,53,54,50,572
772,20,F,3,Video_SZ16.mp4,1,Patient,69,85,44,45,51,82,10,33,25,39,17,415
772,20,F,3,Video_SZ8.mp4,2,Patient,73,30,52,83,67,63,83,52,68,74,72,687
772,20,F,3,Video_P13.mp4,3,Healthy,36,31,50,66,65,79,45,34,69,52,71,567
772,20,F,3,Video_P14.mp4,4,Healthy,85,34,52,80,50,15,61,52,69,71,68,603
772,20,F,3,Video_P15.mp4,5,Healthy,62,27,51,58,50,77,40,14,63,58,75,548
772,20,F,3,Video_P9.mp4,6,Healthy,76,5,75,84,69,1,75,29,81,101,97,688
772,20,F,3,Video_SZ4.mp4,7,Patient,63,51,29,69,28,1,41,10,53,77,51,422
772,20,F,3,Video_SZ9.mp4,8,Patient,55,36,50,65,66,43,64,34,66,64,66,573
772,20,F,3,Video_P16.mp4,9,Healthy,69,71,50,60,50,1,56,24,34,68,31,443
772,20,F,3,Video_SZ14.mp4,10,Patient,80,8,54,86,81,1,78,52,84,92,94,702
791,23,F,3,Video_P19.mp4,1,Healthy,49,88,52,53,51,49,52,35,58,73,14,486
791,23,F,3,Video_SZ10.mp4,2,Patient,52,75,51,53,52,57,65,42,40,61,27,500
791,23,F,3,Video_SZ2.mp4,3,Patient,64,60,52,69,49,51,69,48,74,86,42,604
791,23,F,3,Video_SZ6.mp4,4,Patient,52,57,49,55,51,101,52,52,66,58,45,581
791,23,F,3,Video_SZ9.mp4,5,Patient,59,55,56,101,56,53,56,52,52,101,47,633
791,23,F,3,Video_SZ11.mp4,6,Patient,72,72,56,72,64,53,73,72,67,67,30,626
791,23,F,3,Video_P2.mp4,7,Healthy,78,49,50,54,53,52,53,48,74,69,53,584
791,23,F,3,Video_P10.mp4,8,Healthy,61,51,61,66,49,54,51,50,72,64,51,579
791,23,F,3,Video_P14.mp4,9,Healthy,71,41,60,68,63,58,46,64,66,55,61,612
791,23,F,3,Video_P9.mp4,10,Healthy,56,52,54,68,64,67,59,64,56,62,50,600
792,22,F,2,Video_SZ11.mp4,1,Patient,52,72,53,41,38,31,38,36,31,35,30,385
792,22,F,2,Video_SZ2.mp4,2,Patient,39,52,52,35,42,74,32,31,31,31,50,417
792,22,F,2,Video_SZ1.mp4,3,Patient,51,63,51,61,51,10,42,50,52,52,39,459
792,22,F,2,Video_P18.mp4,4,Healthy,50,62,52,50,50,60,46,50,49,51,40,498
792,22,F,2,Video_P19.mp4,5,Healthy,50,49,50,46,51,66,39,51,44,50,53,500
792,22,F,2,Video_P3.mp4,6,Healthy,66,19,53,60,54,16,62,53,51,63,83,561
792,22,F,2,Video_P13.mp4,7,Healthy,35,61,53,50,52,57,35,35,51,52,41,461
792,22,F,2,Video_SZ6.mp4,8,Patient,50,52,53,52,53,33,47,38,50,48,50,474
792,22,F,2,Video_P5.mp4,9,Healthy,50,60,51,52,42,60,42,40,52,35,42,466
792,22,F,2,Video_SZ7.mp4,10,Patient,61,39,51,59,52,67,60,61,52,64,63,590
806,21,F,3,Video_SZ4.mp4,1,Patient,72,1,68,66,42,21,59,32,54,101,101,616
806,21,F,3,Video_P4.mp4,2,Healthy,73,3,78,70,54,53,78,67,62,101,99,735
806,21,F,3,Video_SZ6.mp4,3,Patient,70,1,76,68,51,53,43,29,62,87,101,640
806,21,F,3,Video_P17.mp4,4,Healthy,72,21,85,74,59,34,32,33,69,84,81,623
806,21,F,3,Video_P7.mp4,5,Healthy,84,1,83,79,52,6,77,71,82,84,101,719
806,21,F,3,Video_P20.mp4,6,Healthy,73,1,77,68,49,20,66,52,87,101,101,694
806,21,F,3,Video_SZ14.mp4,7,Patient,59,57,61,54,46,21,27,27,39,36,45,415
806,21,F,3,Video_P12.mp4,8,Healthy,74,6,79,74,49,12,85,65,71,97,96,702
806,21,F,3,Video_SZ5.mp4,9,Patient,85,1,79,80,51,11,80,75,78,77,101,717
806,21,F,3,Video_SZ15.mp4,10,Patient,67,7,77,65,48,1,68,60,61,90,95,632
811,19,F,3,Video_SZ9.mp4,1,Patient,37,56,48,52,47,50,32,24,47,51,46,434
811,19,F,3,Video_SZ15.mp4,2,Patient,68,32,60,68,67,23,74,62,74,69,70,635
811,19,F,3,Video_P1.mp4,3,Healthy,62,48,60,57,61,72,64,60,58,65,54,613
811,19,F,3,Video_P5.mp4,4,Healthy,75,34,71,70,73,32,78,70,74,57,68,668
811,19,F,3,Video_SZ2.mp4,5,Patient,65,39,73,62,65,27,66,71,55,58,63,605
811,19,F,3,Video_P11.mp4,6,Healthy,76,15,69,73,70,59,76,68,74,61,87,713
811,19,F,3,Video_SZ18.mp4,7,Patient,52,22,63,56,59,40,47,46,55,51,80,549
811,19,F,3,Video_SZ8.mp4,8,Patient,48,38,46,42,40,70,39,40,39,41,64,469
811,19,F,3,Video_P7.mp4,9,Healthy,84,23,59,85,66,42,77,79,79,79,79,729
811,19,F,3,Video_P12.mp4,10,Healthy,71,18,73,65,64,26,65,74,74,71,84,667
812,21,M,3,Video_SZ9.mp4,1,Patient,22,1,76,13,10,1,18,14,18,9,101,282
812,21,M,3,Video_SZ1.mp4,2,Patient,69,72,25,70,37,24,72,67,84,77,30,555
812,21,M,3,Video_P19.mp4,3,Healthy,69,1,51,68,18,7,62,21,90,79,101,566
812,21,M,3,Video_SZ12.mp4,4,Patient,19,1,27,51,31,73,28,25,90,88,101,533
812,21,M,3,Video_P10.mp4,5,Healthy,83,16,61,90,70,29,85,90,78,81,86,753
812,21,M,3,Video_SZ10.mp4,6,Patient,70,67,87,30,29,80,84,22,19,38,35,494
812,21,M,3,Video_P17.mp4,7,Healthy,89,30,74,25,31,10,62,21,21,73,72,478
812,21,M,3,Video_SZ7.mp4,8,Patient,91,10,79,87,83,20,93,93,92,89,92,819
812,21,M,3,Video_P11.mp4,9,Healthy,15,85,75,21,19,19,13,21,17,15,17,232
812,21,M,3,Video_P9.mp4,10,Healthy,101,79,96,98,69,1,92,97,94,93,23,764
817,20,F,3,Video_P11.mp4,1,Healthy,40,18,47,45,38,75,70,53,56,35,84,543
817,20,F,3,Video_SZ17.mp4,2,Patient,81,15,77,81,79,18,80,80,78,77,87,738
817,20,F,3,Video_P17.mp4,3,Healthy,48,40,70,71,28,11,64,44,53,47,62,498
817,20,F,3,Video_SZ9.mp4,4,Patient,36,75,24,41,101,64,34,37,101,38,27,503
817,20,F,3,Video_P18.mp4,5,Healthy,26,81,50,31,24,76,97,19,19,33,21,396
817,20,F,3,Video_P13.mp4,6,Healthy,35,22,23,101,34,82,24,35,35,25,80,474
817,20,F,3,Video_SZ4.mp4,7,Patient,76,14,61,52,80,1,69,67,79,80,88,653
817,20,F,3,Video_P14.mp4,8,Healthy,65,12,63,74,67,1,10,68,58,81,90,577
817,20,F,3,Video_SZ3.mp4,9,Patient,38,22,50,38,43,80,41,44,44,40,80,498
817,20,F,3,Video_SZ20.mp4,10,Patient,58,56,44,70,48,101,52,60,48,58,46,585
821,20,F,3,Video_SZ19.mp4,1,Patient,62,39,78,50,67,50,76,67,73,60,63,646
821,20,F,3,Video_P10.mp4,2,Healthy,77,16,81,74,83,87,69,72,46,71,86,746
821,20,F,3,Video_P19.mp4,3,Healthy,58,32,54,50,42,44,35,45,50,48,70,496
821,20,F,3,Video_P18.mp4,4,Healthy,58,41,55,60,61,50,64,54,49,58,61,570
821,20,F,3,Video_P13.mp4,5,Healthy,25,49,56,41,58,69,27,57,42,32,53,460
821,20,F,3,Video_SZ2.mp4,6,Patient,56,46,63,81,55,27,61,71,56,58,56,584
821,20,F,3,Video_SZ10.mp4,7,Patient,73,35,63,56,77,33,55,66,67,64,67,621
821,20,F,3,Video_P12.mp4,8,Healthy,66,22,68,64,66,33,64,64,61,81,80,647
821,20,F,3,Video_SZ6.mp4,9,Patient,61,25,81,61,66,30,62,81,72,65,77,656
821,20,F,3,Video_SZ17.mp4,10,Patient,66,24,70,60,50,77,61,73,65,63,78,663
828,20,F,3,Video_P15.mp4,1,Healthy,41,45,58,49,47,21,33,36,49,50,57,441
828,20,F,3,Video_P4.mp4,2,Healthy,101,59,85,92,80,38,85,72,89,76,43,761
828,20,F,3,Video_SZ8.mp4,3,Patient,19,18,52,1,24,48,4,1,14,7,84,254
828,20,F,3,Video_SZ10.mp4,4,Patient,46,46,64,47,43,46,47,44,49,50,56,492
828,20,F,3,Video_SZ3.mp4,5,Patient,95,80,15,85,44,17,86,87,93,83,22,627
828,20,F,3,Video_P10.mp4,6,Healthy,91,20,67,101,75,83,71,78,99,100,82,847
828,20,F,3,Video_SZ2.mp4,7,Patient,67,27,62,75,60,44,53,63,67,61,75,627
828,20,F,3,Video_P3.mp4,8,Healthy,79,1,101,84,66,96,39,74,86,77,101,803
828,20,F,3,Video_P2.mp4,9,Healthy,81,16,83,72,80,101,65,68,75,83,86,794
828,20,F,3,Video_SZ12.mp4,10,Patient,60,50,54,63,63,13,64,55,75,74,52,573
832,79,M,3,Video_SZ20.mp4,1,Patient,88,18,53,56,96,37,58,90,88,61,84,711
832,79,M,3,Video_P7.mp4,2,Healthy,66,6,81,52,70,52,80,49,75,67,96,688
832,79,M,3,Video_P6.mp4,3,Healthy,83,1,80,75,52,13,72,56,50,66,101,648
832,79,M,3,Video_P13.mp4,4,Healthy,33,10,31,51,49,34,32,19,30,40,92,411
832,79,M,3,Video_SZ1.mp4,5,Patient,55,1,35,28,39,32,33,33,34,39,101,429
832,79,M,3,Video_SZ8.mp4,6,Patient,33,10,34,20,33,50,15,33,28,32,92,370
832,79,M,3,Video_SZ2.mp4,7,Patient,31,15,25,31,49,10,28,35,25,26,87,347
832,79,M,3,Video_P4.mp4,8,Healthy,67,1,72,35,31,20,39,1,35,69,101,470
832,79,M,3,Video_P9.mp4,9,Healthy,50,2,55,41,57,15,63,45,38,36,100,500
832,79,M,3,Video_SZ4.mp4,10,Patient,31,1,16,49,26,27,43,29,35,31,101,388
839,29,F,2,Video_P2.mp4,1,Healthy,55,50,48,57,46,39,49,46,54,49,52,495
839,29,F,2,Video_SZ4.mp4,2,Patient,61,49,49,56,48,34,50,52,52,49,53,504
839,29,F,2,Video_SZ11.mp4,3,Patient,47,52,49,43,52,59,46,51,51,51,50,499
839,29,F,2,Video_P3.mp4,4,Healthy,59,43,57,59,47,57,56,49,47,51,59,541
839,29,F,2,Video_P15.mp4,5,Healthy,35,48,48,42,46,70,45,50,49,44,54,483
839,29,F,2,Video_SZ17.mp4,6,Patient,41,48,49,44,47,56,51,45,49,42,54,478
839,29,F,2,Video_SZ8.mp4,7,Patient,53,54,51,54,53,64,52,56,51,46,48,528
839,29,F,2,Video_SZ1.mp4,8,Patient,59,51,54,59,57,49,50,53,56,56,51,544
839,29,F,2,Video_P13.mp4,9,Healthy,47,46,49,45,48,42,42,39,46,43,56,457
839,29,F,2,Video_P1.mp4,10,Healthy,54,51,52,59,54,42,62,57,53,61,51,545
844,24,F,1,Video_P19.mp4,1,Healthy,52,53,56,52,51,55,39,51,53,49,49,507
844,24,F,1,Video_P16.mp4,2,Healthy,54,53,73,53,75,78,71,51,55,51,49,610
844,24,F,1,Video_P15.mp4,3,Healthy,24,78,53,32,49,83,12,24,12,12,24,325
844,24,F,1,Video_P18.mp4,4,Healthy,80,28,60,68,81,10,60,64,82,55,74,634
844,24,F,1,Video_SZ6.mp4,5,Patient,20,49,51,53,51,99,18,29,51,25,53,450
844,24,F,1,Video_P13.mp4,6,Healthy,25,82,45,26,31,78,12,12,17,10,20,276
844,24,F,1,Video_SZ16.mp4,7,Patient,89,19,54,84,81,32,67,78,76,71,83,715
844,24,F,1,Video_SZ9.mp4,8,Patient,10,90,50,29,22,54,4,13,14,15,12,223
844,24,F,1,Video_SZ14.mp4,9,Patient,89,17,50,95,84,34,89,85,93,84,85,788
844,24,F,1,Video_SZ12.mp4,10,Patient,8,89,86,6,14,96,3,6,15,4,13,251
847,27,M,3,Video_SZ11.mp4,1,Patient,25,92,50,28,53,8,14,17,20,16,10,241
847,27,M,3,Video_P9.mp4,2,Healthy,73,63,53,60,55,10,43,35,54,44,39,466
847,27,M,3,Video_SZ2.mp4,3,Patient,56,61,50,55,46,36,45,45,46,50,41,470
847,27,M,3,Video_P10.mp4,4,Healthy,64,43,53,56,55,29,57,52,60,57,59,542
847,27,M,3,Video_SZ12.mp4,5,Patient,30,88,53,35,47,13,15,8,17,13,14,245
847,27,M,3,Video_P6.mp4,6,Healthy,63,44,58,63,60,25,58,60,61,60,58,566
847,27,M,3,Video_P4.mp4,7,Healthy,59,49,55,63,54,39,53,51,52,60,53,539
847,27,M,3,Video_SZ10.mp4,8,Patient,59,61,55,54,54,37,52,44,52,47,41,495
847,27,M,3,Video_P2.mp4,9,Healthy,60,48,55,61,55,56,58,52,55,58,54,564
847,27,M,3,Video_SZ14.mp4,10,Patient,11,94,53,11,33,28,25,11,21,9,8,210
848,20,F,2,Video_SZ6.mp4,1,Patient,78,23,54,74,54,7,58,72,73,83,79,632
848,20,F,2,Video_P10.mp4,2,Healthy,75,16,80,66,67,101,52,81,75,78,86,761
848,20,F,2,Video_P18.mp4,3,Healthy,66,28,36,38,42,30,34,66,58,71,74,515
848,20,F,2,Video_P12.mp4,4,Healthy,72,22,69,63,61,94,31,41,43,35,80,589
848,20,F,2,Video_SZ18.mp4,5,Patient,32,66,22,50,30,22,26,39,101,81,36,439
848,20,F,2,Video_P14.mp4,6,Healthy,73,23,74,74,66,24,35,31,61,76,79,593
848,20,F,2,Video_SZ11.mp4,7,Patient,71,70,52,100,33,24,31,33,68,72,32,516
848,20,F,2,Video_SZ17.mp4,8,Patient,69,25,52,67,33,19,31,30,32,38,77,448
848,20,F,2,Video_P6.mp4,9,Healthy,74,32,67,83,69,37,65,41,72,77,70,655
848,20,F,2,Video_SZ16.mp4,10,Patient,62,18,69,42,22,78,34,30,43,68,84,532
853,22,F,3,Video_P11.mp4,1,Healthy,52,52,53,52,55,10,50,27,52,32,50,433
853,22,F,3,Video_SZ8.mp4,2,Patient,48,55,74,51,75,53,16,19,30,38,47,451
853,22,F,3,Video_SZ20.mp4,3,Patient,86,52,51,101,88,11,70,49,71,52,50,629
853,22,F,3,Video_P14.mp4,4,Healthy,91,9,76,75,88,51,96,101,73,79,93,823
853,22,F,3,Video_SZ1.mp4,5,Patient,49,47,51,50,52,55,50,50,53,52,55,517
853,22,F,3,Video_P12.mp4,6,Healthy,69,33,31,64,77,10,32,56,50,34,69,492
853,22,F,3,Video_SZ17.mp4,7,Patient,68,77,27,1,48,28,51,31,53,49,25,381
853,22,F,3,Video_P8.mp4,8,Healthy,64,34,71,67,36,84,29,51,46,48,68,564
853,22,F,3,Video_SZ19.mp4,9,Patient,86,11,71,91,88,85,85,92,89,86,91,864
853,22,F,3,Video_P3.mp4,10,Healthy,101,16,92,83,88,25,101,101,94,88,86,859
856,39,F,3,Video_SZ15.mp4,1,Patient,93,8,86,92,92,2,92,81,97,100,94,829
856,39,F,3,Video_P15.mp4,2,Healthy,48,1,47,20,9,93,48,13,1,3,101,383
856,39,F,3,Video_SZ19.mp4,3,Patient,11,14,53,9,11,97,13,12,9,11,88,314
856,39,F,3,Video_P6.mp4,4,Healthy,98,4,53,97,58,1,101,100,101,99,98,806
856,39,F,3,Video_SZ8.mp4,5,Patient,64,20,53,67,54,33,76,53,54,76,82,612
856,39,F,3,Video_P14.mp4,6,Healthy,84,2,51,89,78,1,74,91,92,87,100,747
856,39,F,3,Video_P3.mp4,7,Healthy,86,1,54,83,54,86,89,83,1,59,101,696
856,39,F,3,Video_P16.mp4,8,Healthy,74,1,58,76,38,53,81,70,20,74,101,645
856,39,F,3,Video_SZ20.mp4,9,Patient,90,1,50,91,86,1,87,89,97,94,101,786
856,39,F,3,Video_SZ6.mp4,10,Patient,36,3,47,37,8,84,21,20,7,11,99,370
864,24,F,3,Video_SZ8.mp4,1,Patient,67,69,42,73,44,19,49,30,14,78,33,449
864,24,F,3,Video_SZ9.mp4,2,Patient,51,14,50,52,51,52,50,48,53,51,88,546
864,24,F,3,Video_P3.mp4,3,Healthy,35,8,83,51,30,17,73,59,51,75,94,568
864,24,F,3,Video_P9.mp4,4,Healthy,52,4,92,29,90,94,69,19,21,52,98,616
864,24,F,3,Video_SZ6.mp4,5,Patient,72,21,43,65,72,12,72,70,67,74,81,628
864,24,F,3,Video_P16.mp4,6,Healthy,75,12,71,70,67,52,74,72,72,77,90,720
864,24,F,3,Video_P8.mp4,7,Healthy,32,72,86,89,78,5,32,22,23,75,30,472
864,24,F,3,Video_SZ18.mp4,8,Patient,16,84,5,69,16,11,15,20,15,24,18,209
864,24,F,3,Video_SZ13.mp4,9,Patient,54,87,14,51,20,15,15,12,14,18,15,228
864,24,F,3,Video_P20.mp4,10,Healthy,28,51,19,50,73,14,20,25,73,53,51,406
865,26,M,3,Video_SZ10.mp4,1,Patient,65,21,18,69,54,19,22,27,71,85,81,511
865,26,M,3,Video_P8.mp4,2,Healthy,94,21,51,70,86,38,68,71,60,80,81,699
865,26,M,3,Video_SZ6.mp4,3,Patient,40,77,18,52,50,19,19,8,25,58,25,314
865,26,M,3,Video_P18.mp4,4,Healthy,23,71,78,50,72,11,26,24,50,75,31,440
865,26,M,3,Video_SZ16.mp4,5,Patient,39,40,101,18,65,30,28,101,50,56,62,550
865,26,M,3,Video_SZ4.mp4,6,Patient,38,51,66,33,26,69,26,65,64,67,51,505
865,26,M,3,Video_P9.mp4,7,Healthy,74,66,83,64,86,1,26,24,72,70,36,536
865,26,M,3,Video_P1.mp4,8,Healthy,75,53,49,72,51,65,70,79,69,85,49,664
865,26,M,3,Video_P15.mp4,9,Healthy,16,68,14,18,38,82,17,19,19,32,34,289
865,26,M,3,Video_SZ15.mp4,10,Patient,30,91,27,38,31,18,24,11,32,39,11,261
869,21,F,3,Video_P15.mp4,1,Healthy,62,11,55,67,85,73,63,53,72,81,91,702
869,21,F,3,Video_SZ20.mp4,2,Patient,74,67,63,87,72,7,76,74,53,75,35,616
869,21,F,3,Video_P2.mp4,3,Healthy,86,1,95,86,87,87,72,76,84,81,101,855
869,21,F,3,Video_SZ11.mp4,4,Patient,45,76,50,41,25,31,50,28,48,51,26,395
869,21,F,3,Video_P12.mp4,5,Healthy,64,74,47,49,31,15,58,54,50,51,28,447
869,21,F,3,Video_P9.mp4,6,Healthy,65,53,55,45,42,9,30,26,51,52,49,424
869,21,F,3,Video_SZ1.mp4,7,Patient,50,80,33,37,34,51,24,20,35,39,22,345
869,21,F,3,Video_SZ4.mp4,8,Patient,47,79,34,33,33,22,24,14,31,37,23,298
869,21,F,3,Video_P19.mp4,9,Healthy,51,89,18,33,18,48,25,17,33,36,13,292
869,21,F,3,Video_SZ7.mp4,10,Patient,45,18,27,87,23,92,15,22,18,21,84,434
875,21,F,3,Video_SZ11.mp4,1,Patient,70,13,40,59,53,30,37,35,24,81,89,518
875,21,F,3,Video_P17.mp4,2,Healthy,53,68,70,67,65,61,68,101,64,56,34,639
875,21,F,3,Video_SZ3.mp4,3,Patient,76,34,30,75,31,28,31,70,52,81,68,542
875,21,F,3,Video_SZ20.mp4,4,Patient,71,35,76,73,74,26,84,71,65,101,67,708
875,21,F,3,Video_P20.mp4,5,Healthy,82,7,76,78,89,36,79,73,74,91,95,773
875,21,F,3,Video_P12.mp4,6,Healthy,101,1,96,101,69,71,84,84,72,96,101,875
875,21,F,3,Video_P10.mp4,7,Healthy,90,3,84,67,60,96,65,70,67,84,99,782
875,21,F,3,Video_SZ4.mp4,8,Patient,87,18,79,95,95,101,74,66,51,98,84,830
875,21,F,3,Video_SZ7.mp4,9,Patient,51,3,53,38,32,101,26,31,13,42,99,486
875,21,F,3,Video_P19.mp4,10,Healthy,80,1,68,85,85,28,69,83,83,101,101,783
881,57,F,3,Video_SZ3.mp4,1,Patient,51,54,63,50,51,54,51,53,50,53,48,524
881,57,F,3,Video_P14.mp4,2,Healthy,43,14,53,47,48,49,52,11,47,74,88,512
881,57,F,3,Video_P7.mp4,3,Healthy,62,7,70,71,73,68,68,68,71,62,95,708
881,57,F,3,Video_SZ18.mp4,4,Patient,26,6,51,49,48,50,48,53,52,51,96,524
881,57,F,3,Video_SZ1.mp4,5,Patient,52,3,51,51,52,54,6,16,12,48,99,441
881,57,F,3,Video_SZ19.mp4,6,Patient,51,52,53,50,49,51,49,53,49,49,50,504
881,57,F,3,Video_P3.mp4,7,Healthy,75,2,99,78,78,57,98,77,75,82,100,819
881,57,F,3,Video_SZ20.mp4,8,Patient,51,51,51,54,52,51,46,53,46,51,51,506
881,57,F,3,Video_P4.mp4,9,Healthy,49,50,47,49,49,47,47,49,53,44,52,486
881,57,F,3,Video_P2.mp4,10,Healthy,67,56,51,54,52,50,75,73,51,79,46,598
883,22,F,3,Video_SZ7.mp4,1,Patient,59,74,57,39,30,1,59,51,72,67,28,463
883,22,F,3,Video_SZ5.mp4,2,Patient,68,26,87,80,93,68,78,73,85,89,76,797
883,22,F,3,Video_P20.mp4,3,Healthy,42,76,45,25,37,1,32,24,30,36,26,298
883,22,F,3,Video_P2.mp4,4,Healthy,24,39,101,26,60,79,34,45,38,28,63,498
883,22,F,3,Video_SZ1.mp4,5,Patient,82,26,63,74,75,51,71,68,67,84,76,711
883,22,F,3,Video_SZ19.mp4,6,Patient,24,85,34,51,34,81,37,32,36,37,17,383
883,22,F,3,Video_P18.mp4,7,Healthy,88,7,81,90,87,26,84,89,85,90,95,815
883,22,F,3,Video_P11.mp4,8,Healthy,37,68,11,29,20,6,41,40,51,60,34,329
883,22,F,3,Video_P7.mp4,9,Healthy,72,64,79,65,67,96,79,60,59,68,38,683
883,22,F,3,Video_SZ13.mp4,10,Patient,36,78,29,40,20,12,42,39,41,62,24,345
884,21,F,3,Video_P12.mp4,1,Healthy,70,30,72,70,50,28,52,50,74,91,72,629
884,21,F,3,Video_P5.mp4,2,Healthy,91,11,90,94,93,100,89,69,91,91,91,899
884,21,F,3,Video_P8.mp4,3,Healthy,61,28,50,69,10,30,69,52,39,51,74,505
884,21,F,3,Video_SZ17.mp4,4,Patient,50,30,101,50,91,101,49,40,71,10,72,635
884,21,F,3,Video_SZ6.mp4,5,Patient,90,49,60,92,71,18,49,41,71,91,53,636
884,21,F,3,Video_SZ11.mp4,6,Patient,72,49,61,73,60,51,34,29,52,52,53,537
884,21,F,3,Video_P6.mp4,7,Healthy,89,28,81,88,81,49,80,88,101,101,74,832
884,21,F,3,Video_P9.mp4,8,Healthy,101,15,101,101,101,49,88,81,101,101,87,911
884,21,F,3,Video_SZ2.mp4,9,Patient,81,51,79,71,92,70,61,72,91,91,51,759
884,21,F,3,Video_SZ20.mp4,10,Patient,80,30,71,79,89,62,68,73,81,92,72,767
885,22,F,3,Video_P8.mp4,1,Healthy,57,13,59,28,46,28,72,48,56,47,89,530
885,22,F,3,Video_SZ2.mp4,2,Patient,25,39,48,61,47,14,29,54,71,86,63,498
885,22,F,3,Video_SZ7.mp4,3,Patient,75,20,79,68,91,11,78,92,87,76,82,739
885,22,F,3,Video_P9.mp4,4,Healthy,90,78,49,101,96,1,7,14,91,93,24,566
885,22,F,3,Video_SZ15.mp4,5,Patient,4,97,2,13,14,92,14,13,8,9,5,174
885,22,F,3,Video_P17.mp4,6,Healthy,49,75,56,64,51,3,26,15,68,49,27,408
885,22,F,3,Video_SZ17.mp4,7,Patient,68,45,56,73,51,35,82,56,64,86,57,628
885,22,F,3,Video_P2.mp4,8,Healthy,100,12,51,90,54,8,91,98,90,87,90,759
885,22,F,3,Video_SZ13.mp4,9,Patient,73,25,59,68,51,1,77,79,75,100,77,660
885,22,F,3,Video_P14.mp4,10,Healthy,88,20,53,78,74,26,92,87,80,85,82,745
889,21,F,3,Video_SZ13.mp4,1,Patient,73,34,64,86,64,13,66,48,69,72,68,623
889,21,F,3,Video_P11.mp4,2,Healthy,31,38,53,60,49,45,35,30,29,31,64,427
889,21,F,3,Video_P5.mp4,3,Healthy,74,26,33,60,46,8,58,66,71,75,76,567
889,21,F,3,Video_P3.mp4,4,Healthy,64,16,83,64,39,71,73,71,83,62,86,696
889,21,F,3,Video_P6.mp4,5,Healthy,62,28,76,69,61,32,53,47,61,67,74,602
889,21,F,3,Video_SZ16.mp4,6,Patient,30,24,71,43,24,74,39,41,49,35,78,484
889,21,F,3,Video_SZ20.mp4,7,Patient,70,35,88,72,67,21,73,54,69,65,67,646
889,21,F,3,Video_P14.mp4,8,Healthy,75,14,76,74,69,32,71,66,77,86,88,714
889,21,F,3,Video_SZ9.mp4,9,Patient,31,58,44,39,21,8,21,24,26,25,44,283
889,21,F,3,Video_SZ15.mp4,10,Patient,77,36,74,85,69,20,82,67,82,73,66,695
892,20,F,3,Video_SZ13.mp4,1,Patient,48,48,46,56,38,7,48,61,62,53,54,473
892,20,F,3,Video_SZ15.mp4,2,Patient,56,59,40,52,31,7,57,47,55,47,43,435
892,20,F,3,Video_P13.mp4,3,Healthy,29,57,24,29,45,50,39,37,41,34,45,373
892,20,F,3,Video_P10.mp4,4,Healthy,50,46,36,51,43,9,47,38,41,49,56,420
892,20,F,3,Video_P2.mp4,5,Healthy,65,42,46,72,47,34,71,62,48,49,60,554
892,20,F,3,Video_SZ4.mp4,6,Patient,58,10,36,50,60,27,56,56,53,61,92,549
892,20,F,3,Video_P8.mp4,7,Healthy,51,11,59,48,48,17,51,51,51,55,91,522
892,20,F,3,Video_SZ9.mp4,8,Patient,51,48,39,44,53,53,34,31,48,46,54,453
892,20,F,3,Video_SZ2.mp4,9,Patient,36,26,56,44,63,46,34,42,41,39,76,477
892,20,F,3,Video_P1.mp4,10,Healthy,35,16,55,41,43,68,42,33,32,41,86,476
893,26,M,3,Video_P2.mp4,1,Healthy,65,29,61,65,56,51,53,61,51,55,73,591
893,26,M,3,Video_SZ11.mp4,2,Patient,26,48,51,34,46,32,26,28,46,20,54,363
893,26,M,3,Video_P13.mp4,3,Healthy,29,48,46,37,39,18,34,41,43,31,54,372
893,26,M,3,Video_P16.mp4,4,Healthy,61,45,51,59,43,24,61,58,54,56,57,524
893,26,M,3,Video_SZ12.mp4,5,Patient,32,48,51,35,45,33,35,34,34,31,54,384
893,26,M,3,Video_P6.mp4,6,Healthy,57,43,52,56,53,35,57,57,48,58,59,532
893,26,M,3,Video_P14.mp4,7,Healthy,57,47,50,57,50,35,48,52,54,51,55,509
893,26,M,3,Video_SZ18.mp4,8,Patient,41,58,53,45,44,60,39,43,45,51,44,465
893,26,M,3,Video_SZ4.mp4,9,Patient,51,48,48,52,50,36,50,53,48,48,54,490
893,26,M,3,Video_SZ3.mp4,10,Patient,59,51,50,52,50,14,55,54,59,45,51,489
894,20,F,3,Video_SZ17.mp4,1,Patient,27,78,44,33,29,68,6,22,33,13,24,299
894,20,F,3,Video_SZ11.mp4,2,Patient,63,39,52,60,45,14,41,38,44,60,63,480
894,20,F,3,Video_P7.mp4,3,Healthy,71,14,71,68,75,61,74,80,67,81,88,736
894,20,F,3,Video_P16.mp4,4,Healthy,80,18,68,69,79,30,69,81,71,60,84,691
894,20,F,3,Video_P14.mp4,5,Healthy,37,40,45,56,49,12,30,39,53,56,62,439
894,20,F,3,Video_SZ7.mp4,6,Patient,94,14,55,89,79,54,77,72,74,78,88,760
894,20,F,3,Video_P13.mp4,7,Healthy,25,90,52,35,12,81,12,1,10,1,12,241
894,20,F,3,Video_SZ18.mp4,8,Patient,14,101,34,12,16,72,14,1,14,11,1,189
894,20,F,3,Video_SZ8.mp4,9,Patient,17,82,51,29,10,64,8,9,38,12,20,258
894,20,F,3,Video_P4.mp4,10,Healthy,75,16,53,66,69,30,78,84,71,75,86,687
899,23,M,3,Video_P8.mp4,1,Healthy,53,12,53,31,54,1,24,26,17,84,90,433
899,23,M,3,Video_P13.mp4,2,Healthy,9,70,32,17,32,2,14,12,4,7,32,161
899,23,M,3,Video_SZ11.mp4,3,Patient,53,20,14,21,20,1,52,14,11,58,82,326
899,23,M,3,Video_P12.mp4,4,Healthy,59,4,51,54,51,1,49,51,1,62,98,477
899,23,M,3,Video_P9.mp4,5,Healthy,53,11,26,45,29,1,21,23,1,79,91,369
899,23,M,3,Video_P16.mp4,6,Healthy,92,12,62,81,72,8,83,74,61,91,90,714
899,23,M,3,Video_SZ18.mp4,7,Patient,1,62,9,4,2,7,4,2,1,5,40,75
899,23,M,3,Video_SZ15.mp4,8,Patient,20,65,9,8,10,10,30,17,17,1,37,159
899,23,M,3,Video_SZ3.mp4,9,Patient,17,14,12,9,28,1,17,17,11,11,88,211
899,23,M,3,Video_SZ13.mp4,10,Patient,12,49,26,16,21,19,23,14,12,38,53,234
909,27,M,3,Video_SZ17.mp4,1,Patient,54,39,54,47,50,63,60,42,56,56,63,545
909,27,M,3,Video_SZ7.mp4,2,Patient,70,36,48,68,50,50,59,56,56,59,66,582
909,27,M,3,Video_P6.mp4,3,Healthy,59,81,54,61,54,18,60,37,47,50,21,461
909,27,M,3,Video_SZ19.mp4,4,Patient,39,54,53,45,56,75,50,30,34,42,48,472
909,27,M,3,Video_SZ12.mp4,5,Patient,49,84,56,43,47,39,35,50,40,36,18,413
909,27,M,3,Video_SZ18.mp4,6,Patient,45,72,51,47,50,43,47,42,45,40,30,440
909,27,M,3,Video_P16.mp4,7,Healthy,61,64,52,58,50,26,49,45,56,58,38,493
909,27,M,3,Video_P1.mp4,8,Healthy,53,62,51,55,53,50,47,36,39,43,40,467
909,27,M,3,Video_P2.mp4,9,Healthy,53,76,50,54,47,30,36,32,42,47,26,417
909,27,M,3,Video_P9.mp4,10,Healthy,43,58,47,44,48,22,51,40,50,50,44,439
918,21,F,3,Video_P10.mp4,1,Healthy,89,1,88,68,51,51,69,67,48,66,101,698
918,21,F,3,Video_P6.mp4,2,Healthy,87,1,87,88,87,52,87,51,50,68,101,758
918,21,F,3,Video_SZ15.mp4,3,Patient,50,30,49,48,28,1,52,33,50,32,72,415
918,21,F,3,Video_P4.mp4,4,Healthy,53,1,87,53,50,48,71,65,70,69,101,667
918,21,F,3,Video_P18.mp4,5,Healthy,29,1,70,40,33,52,10,14,13,16,101,378
918,21,F,3,Video_SZ19.mp4,6,Patient,51,10,51,53,30,54,48,28,31,32,92,470
918,21,F,3,Video_SZ6.mp4,7,Patient,51,1,34,47,32,9,31,35,35,48,101,423
918,21,F,3,Video_SZ8.mp4,8,Patient,1,1,47,29,1,1,1,1,1,1,101,184
918,21,F,3,Video_SZ20.mp4,9,Patient,70,1,62,52,42,17,53,57,50,57,101,561
918,21,F,3,Video_P12.mp4,10,Healthy,40,14,51,40,34,64,36,37,40,20,88,450
919,21,F,3,Video_SZ3.mp4,1,Patient,48,15,48,48,27,26,29,26,32,30,87,401
919,21,F,3,Video_P19.mp4,2,Healthy,28,33,47,52,17,1,1,21,1,1,69,238
919,21,F,3,Video_P1.mp4,3,Healthy,83,1,73,45,35,34,51,64,48,51,101,585
919,21,F,3,Video_P10.mp4,4,Healthy,101,1,66,101,52,42,101,51,65,64,101,744
919,21,F,3,Video_P20.mp4,5,Healthy,51,9,49,48,36,1,29,40,37,70,93,454
919,21,F,3,Video_SZ5.mp4,6,Patient,50,7,48,49,13,18,51,41,32,33,95,430
919,21,F,3,Video_P6.mp4,7,Healthy,54,1,51,48,34,17,43,70,29,36,101,483
919,21,F,3,Video_SZ12.mp4,8,Patient,50,11,37,49,22,1,3,33,27,40,91,353
919,21,F,3,Video_SZ17.mp4,9,Patient,28,1,49,18,10,17,33,31,28,1,101,316
919,21,F,3,Video_SZ14.mp4,10,Patient,38,1,48,50,21,4,32,18,31,43,101,386
927,23,M,3,Video_SZ6.mp4,1,Patient,74,1,53,69,31,27,54,49,67,77,101,602
927,23,M,3,Video_SZ1.mp4,2,Patient,37,26,43,51,34,69,51,51,53,62,76,527
927,23,M,3,Video_P1.mp4,3,Healthy,48,29,64,66,69,37,51,51,71,53,73,583
927,23,M,3,Video_SZ10.mp4,4,Patient,39,21,50,38,38,71,45,53,70,75,81,560
927,23,M,3,Video_SZ3.mp4,5,Patient,37,12,34,57,46,64,57,50,40,43,90,518
927,23,M,3,Video_P15.mp4,6,Healthy,51,27,65,48,65,63,73,70,70,64,75,644
927,23,M,3,Video_SZ14.mp4,7,Patient,63,67,68,45,62,38,57,51,76,65,35,560
927,23,M,3,Video_P6.mp4,8,Healthy,68,22,70,55,45,46,69,69,57,36,80,595
927,23,M,3,Video_P16.mp4,9,Healthy,71,76,67,70,39,28,81,67,39,53,26,541
927,23,M,3,Video_P14.mp4,10,Healthy,65,69,54,68,42,39,71,68,72,51,33,563
930,58,F,3,Video_P1.mp4,1,Healthy,100,2,67,100,50,52,100,99,101,101,100,870
930,58,F,3,Video_P11.mp4,2,Healthy,51,14,85,44,52,100,52,49,49,52,88,622
930,58,F,3,Video_P16.mp4,3,Healthy,99,1,49,100,53,50,100,101,100,101,101,854
930,58,F,3,Video_SZ10.mp4,4,Patient,13,80,21,21,14,83,52,13,17,11,22,267
930,58,F,3,Video_SZ5.mp4,5,Patient,1,101,47,1,2,99,1,3,2,1,1,158
930,58,F,3,Video_SZ7.mp4,6,Patient,50,44,52,46,45,54,49,53,50,52,58,509
930,58,F,3,Video_SZ20.mp4,7,Patient,44,44,50,56,42,47,47,54,50,44,58,492
930,58,F,3,Video_P18.mp4,8,Healthy,83,16,50,91,85,21,76,78,80,78,86,728
930,58,F,3,Video_SZ11.mp4,9,Patient,16,15,43,16,14,74,15,12,24,21,87,322
930,58,F,3,Video_P7.mp4,10,Healthy,49,81,44,46,50,48,48,28,10,17,21,361
932,22,F,3,Video_P12.mp4,1,Healthy,29,52,11,29,26,53,2,11,48,38,50,297
932,22,F,3,Video_P16.mp4,2,Healthy,30,51,89,35,68,50,1,52,71,69,51,516
932,22,F,3,Video_P11.mp4,3,Healthy,35,49,1,42,42,101,1,1,21,1,53,298
932,22,F,3,Video_SZ18.mp4,4,Patient,81,50,71,67,101,3,26,36,101,97,52,635
932,22,F,3,Video_SZ10.mp4,5,Patient,19,72,26,29,27,72,23,1,50,26,30,303
932,22,F,3,Video_P17.mp4,6,Healthy,77,53,101,81,101,1,74,53,73,100,49,710
932,22,F,3,Video_SZ3.mp4,7,Patient,27,101,63,27,16,33,34,4,20,27,1,252
932,22,F,3,Video_SZ7.mp4,8,Patient,46,49,1,31,27,101,8,33,18,49,53,367
932,22,F,3,Video_P2.mp4,9,Healthy,30,20,63,31,41,1,30,49,59,50,82,436
932,22,F,3,Video_SZ4.mp4,10,Patient,81,49,76,62,62,19,58,64,64,59,53,598
933,20,F,3,Video_P17.mp4,1,Healthy,41,1,74,93,35,75,19,18,51,89,101,596
933,20,F,3,Video_P10.mp4,2,Healthy,86,1,72,91,73,34,77,50,80,96,101,760
933,20,F,3,Video_SZ2.mp4,3,Patient,50,56,82,71,51,8,31,29,31,92,46,491
933,20,F,3,Video_P13.mp4,4,Healthy,49,86,50,51,51,20,17,16,24,86,16,380
933,20,F,3,Video_SZ16.mp4,5,Patient,77,1,66,61,67,50,73,69,79,86,101,729
933,20,F,3,Video_P3.mp4,6,Healthy,79,13,69,72,82,1,101,62,67,100,89,722
933,20,F,3,Video_P4.mp4,7,Healthy,81,1,73,89,72,44,92,81,85,101,101,819
933,20,F,3,Video_SZ4.mp4,8,Patient,69,1,79,75,94,21,56,60,78,101,101,734
933,20,F,3,Video_SZ7.mp4,9,Patient,53,1,72,67,28,88,44,49,43,91,101,636
933,20,F,3,Video_SZ9.mp4,10,Patient,78,13,74,72,70,1,33,32,85,94,89,628
934,24,F,3,Video_P1.mp4,1,Healthy,79,40,71,78,70,46,70,64,87,80,62,707
934,24,F,3,Video_P7.mp4,2,Healthy,78,43,80,78,82,69,65,65,70,78,59,724
934,24,F,3,Video_SZ4.mp4,3,Patient,51,53,52,51,36,35,41,37,68,79,49,499
934,24,F,3,Video_SZ17.mp4,4,Patient,68,43,61,68,70,85,67,68,68,73,59,687
934,24,F,3,Video_P15.mp4,5,Healthy,59,28,64,54,56,87,68,58,71,76,74,667
934,24,F,3,Video_SZ11.mp4,6,Patient,68,39,76,70,75,31,66,64,74,70,63,657
934,24,F,3,Video_P20.mp4,7,Healthy,67,41,67,69,64,39,66,68,68,71,61,640
934,24,F,3,Video_SZ14.mp4,8,Patient,68,32,64,79,75,52,71,67,64,70,70,680
934,24,F,3,Video_P18.mp4,9,Healthy,62,29,65,77,68,48,62,71,73,74,73,673
934,24,F,3,Video_SZ9.mp4,10,Patient,73,41,75,73,69,68,76,78,81,81,61,735
935,26,F,3,Video_SZ9.mp4,1,Patient,28,82,71,30,11,77,47,1,1,1,20,287
935,26,F,3,Video_SZ17.mp4,2,Patient,10,50,40,6,23,71,7,1,52,8,52,270
935,26,F,3,Video_SZ12.mp4,3,Patient,1,101,48,1,1,1,1,14,1,1,1,70
935,26,F,3,Video_P10.mp4,4,Healthy,84,48,52,71,32,25,78,68,101,83,54,648
935,26,F,3,Video_SZ19.mp4,5,Patient,1,61,48,10,1,81,1,1,1,1,41,186
935,26,F,3,Video_P16.mp4,6,Healthy,74,49,34,90,101,33,70,64,37,55,53,611
935,26,F,3,Video_P13.mp4,7,Healthy,43,76,82,32,32,82,35,96,18,27,26,473
935,26,F,3,Video_P1.mp4,8,Healthy,83,101,34,74,32,23,49,88,54,29,1,467
935,26,F,3,Video_SZ5.mp4,9,Patient,62,70,56,101,31,71,53,28,45,33,32,512
935,26,F,3,Video_P7.mp4,10,Healthy,101,11,51,101,74,39,101,101,101,101,91,861
940,21,F,3,Video_P3.mp4,1,Healthy,83,24,67,75,69,49,81,61,42,69,78,674
940,21,F,3,Video_P4.mp4,2,Healthy,85,16,95,77,62,49,60,50,72,101,86,737
940,21,F,3,Video_SZ1.mp4,3,Patient,36,16,41,57,50,38,10,17,1,36,86,372
940,21,F,3,Video_P19.mp4,4,Healthy,11,58,16,18,35,43,1,1,13,1,44,183
940,21,F,3,Video_SZ4.mp4,5,Patient,69,24,47,67,81,19,44,23,28,29,78,485
940,21,F,3,Video_SZ2.mp4,6,Patient,39,11,33,43,36,38,18,18,19,17,91,352
940,21,F,3,Video_P1.mp4,7,Healthy,77,16,52,71,28,55,62,50,52,57,86,590
940,21,F,3,Video_P15.mp4,8,Healthy,61,31,69,63,77,63,62,28,14,41,71,549
940,21,F,3,Video_SZ15.mp4,9,Patient,81,17,83,101,100,8,52,28,101,73,85,712
940,21,F,3,Video_SZ11.mp4,10,Patient,35,69,52,47,63,39,32,45,17,18,33,381
942,20,F,3,Video_P2.mp4,1,Healthy,80,1,81,51,33,71,70,52,52,70,101,661
942,20,F,3,Video_SZ4.mp4,2,Patient,41,11,21,50,71,1,1,1,21,101,91,399
942,20,F,3,Video_P9.mp4,3,Healthy,50,51,50,63,80,1,1,1,1,91,51,389
942,20,F,3,Video_SZ13.mp4,4,Patient,77,1,38,80,52,46,28,28,53,67,101,570
942,20,F,3,Video_P10.mp4,5,Healthy,72,9,82,72,38,50,49,49,66,59,93,630
942,20,F,3,Video_SZ7.mp4,6,Patient,16,93,48,14,24,101,6,1,1,8,9,228
942,20,F,3,Video_SZ10.mp4,7,Patient,52,10,49,51,49,26,8,8,58,74,92,467
942,20,F,3,Video_P18.mp4,8,Healthy,41,86,51,43,20,90,11,6,48,49,16,375
942,20,F,3,Video_P1.mp4,9,Healthy,43,11,47,31,6,66,22,11,50,64,91,431
942,20,F,3,Video_SZ18.mp4,10,Patient,52,88,50,50,37,16,6,1,8,12,14,246
