movement_type,metric,n_P,n_SZ,mean_P,mean_SZ,median_P,median_SZ,p_value,p_adj,sig,cliffs_delta,effect_size
hand_horizontal,QoM,20,19,0.7995380767903412,0.4272467985552246,0.7751795299579283,0.3754080522306855,0.010995856262278579,0.03298756878683574,*,0.4789473684210526,large
hand_horizontal,amplitude_sum,19,18,0.1444613530874112,0.0654326601476732,0.17841158829512893,0.04959272901791515,0.020093652912444564,0.04018730582488913,*,0.45029239766081874,medium
hand_horizontal,mean_speed,20,19,0.005303175609049556,0.002667649567443784,0.005946982890724667,0.0021682287046215654,0.029438660331327287,0.052989588596389116,,0.4105263157894737,medium
hand_vertical,QoM,20,19,0.851503125225164,0.5236666279993651,0.87280062639863365,0.5321507760532151,0.015080495198673027,0.03761499450541279,*,0.45789473684210524,medium
hand_vertical,amplitude_sum,20,18,0.2109953689468955,0.15460360653656402,0.13901763410231782,0.13266631703273835,0.4047290564467098,0.4553201885025485,,0.1611111111111111,small
hand_vertical,mean_speed,20,19,0.008041572508501101,0.005935256965635427,0.005664496829250652,0.0053420663854946045,0.36115252606912324,0.43338303128294786,,0.1736842105263158,small
head_horizontal,QoM,20,20,0.5285524448751102,0.3330939842417154,0.49240029881622804,0.3460115994615225,0.00978648672707701,0.03298756878683574,*,0.48,large
head_horizontal,amplitude_sum,20,18,0.05409573770495648,0.028179141925444993,0.053982644257024634,0.02319120424626165,0.007472324118744592,0.03298756878683574,*,0.5111111111111111,large
head_horizontal,mean_speed,20,20,0.002363493611629547,0.0014050538847977568,0.002323974614709008,0.0012680731659697408,0.00978648672707701,0.03298756878683574,*,0.48,large
head_vertical,QoM,20,20,0.6435173803329416,0.6252833602571055,0.65252207030907206,0.6233586855133817,0.597862567429008,0.597862567429008,,0.10000000000000002,negligible
head_vertical,amplitude_sum,20,20,0.0691898978440504,0.05511902363950334,0.061886163600119753,0.047514655053720725,0.3234817459216912,0.4159051018993173,,0.185,small
head_vertical,mean_speed,20,20,0.0029065354929214506,0.0025185142717186783,0.0027181523226595472,0.0025062724409657747,0.49033426450951034,0.5191774565394816,,0.13,negligible
sideways,QoM,20,20,0.31216320754033205,0.16995240668373865,0.2957571074808516,0.16293795248261983,0.006814612625761013,0.03298756878683574,*,0.5025000000000001,large
sideways,amplitude_sum,19,18,0.05140919975156012,0.03616648923811307,0.04046835297810246,0.022319700707115447,0.19655066561448425,0.2948259984217264,,0.25146198830409355,small
sideways,mean_speed,20,20,0.0019591147172678667,0.0015297481614480373,0.001477879620183661,0.0010907094683310697,0.28530471590768797,0.3950372989491064,,0.19999999999999998,small
swaying,QoM,20,20,0.37547571541397556,0.21523404575762684,0.34452169915674247,0.16593001571195726,0.009376100630705157,0.03298756878683574,*,0.4825,large
swaying,amplitude_sum,18,17,0.036657094286277205,0.0186055853746606,0.024364007485844514,0.015910563553647488,0.016717775335739017,0.03761499450541279,*,0.4771241830065359,large
swaying,mean_speed,20,20,0.0014507574458151981,9.071467798085981e-4,0.0010795314599011407,8.239883108758746e-4,0.04679161534600051,0.07656809783890993,,0.37,medium
