Participant;ID;Group;Genre;Age;Education;diagnostic_year;Laterality;Ressentie;;;;fNART_errors;BDI_II;social_anxiety;MOCA;MINI;NSS;PANSS_Positive;PANSS_Negative;PANSS_Psychopathology;Eq_Chlorpro_mg
P1;SOUCL;CT;H;24;15;;D;9;4;4;7;14;6;;27;ok;;;;;
P2;MARLU;CT;F;22;15;;D;6;10;10;0;15;3;;26;ok;;;;;
P3;SMYAN;CT;H;29;17;;D;9;8;9;2;22;4;;29;ok;;;;;
P4;DESMA;CT;F;23;16;;D;9;8;10;2;9;0;;30;ok;;;;;
P5;CARPO;CT;F;55;17;;D;;;;;6;9;;29;ok;;;;;
P6;MEEVA;CT;F;23;15;;G;10;9;9;0;17;2;;25;ok;;;;;
P7;YOUYA;CT;H;22;15;;D;9;10;10;0;19;7;;26;ok;;;;;
P8;DUEAN;CT;H;22;15;;D;8;9;10;0;13;2;;29;ok;;;;;
P9;BENSY;CT;F;58;15;;D;10;8;10;0;7;11;;24;ok;;;;;
P10;COTZO;CT;F;22;15;;D;8;8;10;0;20;7;;24;ok;;;;;
P11;MOLLU;CT;H;36;17;;D;7;7;7;7;7;3;;28;ok;;;;;
P12;MATPA;CT;F;57;17;;D;;;;;7;5;;26;ok;;;;;
P13;MARFA;CT;F;23;15;;D;7;3;10;4;14;14;;26;ok;;;;;
P14;KRAKE;CT;H;22;14;;G;10;10;10;0;17;2;;29;ok;;;;;
P15;HAAMA;CT;H;25;17;;D;10;6;8;5;7;0;;28;ok;;;;;
P16;CACDI;CT;H;26;17;;G;9;8;10;6;16;2;;29;ok;;;;;
P17;CARCH;CT;F;34;14;;D;3;5;6;2;11;17;49;28;ok;;;;;
P18;DEBGU;CT;H;52;12;;D;10;5;5;10;12;10;39;25;ok;;;;;
P19;DUBWL;CT;H;42;12;;D;7;7;6;8;15;9;;26;ok;;;;;
P20;PAGJE;CT;H;48;9;;D;1;1;1;2;16;8;;26;ok;;;;;
SZ1;LEOPO;SZ;H;25;8;7;D;9;5;8;0;17;9;15;26;;6;8;9;27;250
SZ2;ADRMI;SZ;H;29;17;2;G;8;7;9;0;10;;40;27;;15,5;14;14;33;100
SZ3;SELLY;SZ;F;30;13;7;D;9;7;6;0;13;10;32;22;;28,5;10;11;25;800
SZ4;VALJU;SZ;H;23;14;1;D;7;4;7;7;13;13;66;24;;5,5;7;13;21;200
SZ5;MAXCA;SZ;H;31;12;8;D;9;1;8;9;7;6;32;24;;16;8;13;22;800
SZ6;RAJAB;SZ;H;29;12;4;D;7;5;4;5;34;7;26;21;;2;9;18;33;200
SZ7;DEHLO;SZ;H;32;16;8;D;7;9;6;0;13;4;40;26;;4;9;11;20;125
SZ8;MESPA;SZ;F;47;13;21;D;8;6;7;4;11;19;23;28;;6;8;16;26;200
SZ9;GAGAL;SZ;H;28;12;9;D;;9;4;9;10;6;37;18;;7,5;5;9;41;700
SZ10;CARCE;SZ;F;48;11;5;D;10;9;8;4;18;12;49;23;;1;15;18;40;100
SZ11;CRODI;SZ;H;28;17;1;D;8;6;9;7;20;34;118;26;;7,5;13;11;34;600
SZ12;NOIROL;SZ;H;46;10;15;D;7;6;4;7;7;15;;23;;7;5;13;39;900
SZ13;ASHTH;SZ;H;30;15;9;D;7;8;10;1;18;32;;26;;7,5;17;7;34;800
SZ14;PRERO;SZ;H;39;12;11;D;9;5;9;1;16;8;36;26;;2;Alex;;;1175
SZ15;ROUGA;SZ;H;31;12;7;D;9;5;8;6;24;9;50;25;;3;19;23;36;200
SZ16;PALPI;SZ;H;41;16;23;D;8;5;8;8;17;9;;25;;6;13;11;34;300
SZ17;MALGE;SZ;H;36;12;17;D;10;10;10;5;9;23;;26;;0;;;;175
SZ18;DUBVI;SZ;H;40;20;;G;10;1;3;4;8;17;;23;;10;;;;300
SZ19;RIGCE;SZ;F;44;17;11;D;3;5;5;0;8;12;;27;;4,5;;;;450
SZ20;RAYRE;SZ;H;32;15;8;D;7;7;8;3;12;16;;29;;3,5;alex;;;400
