stim_id,stim_group,stim_gender,stim_age,stim_education,stim_BDI_II,stim_fNART_errors,stim_MOCA,stim_PANSS_positive,stim_PANSS_negative,stim_PANSS_psychopathology,stim_diagnostic_duration,stim_chlorpro_mg,move_hands_horizontal_qom_rate,move_hands_vertical_qom_rate,move_head_horizontal_qom_rate,move_head_vertical_qom_rate,group_label,move_total_pc1.x,move_total_pc1.y,move_total_pc1
SZ2,SZ,H,29,17,NA,10,27,14,14,33,2,100,0.8881578947368421,0.9539473684210528,0.0986842105263158,0.2960526315789474,IDS,-0.5701353142918921,-0.5701353142918921,-0.5701353142918921
SZ3,SZ,F,30,13,10,13,22,10,11,25,7,800,1.877496671105193,1.5579227696404792,0.3595206391478029,0.5193075898801598,IDS,0.5662708667764668,0.5662708667764668,0.5662708667764668
P16,P,H,26,17,2,16,29,NA,NA,NA,NA,NA,2.207792207792208,1.7532467532467533,0.487012987012987,0.7792207792207793,HC,1.1879109879550989,1.1879109879550989,1.1879109879550989
SZ6,SZ,H,29,12,7,34,21,9,18,33,4,200,1.0253583241455346,1.0584343991179712,0.2646085997794928,0.9592061742006616,IDS,0.4193200742617803,0.4193200742617803,0.4193200742617803
SZ14,SZ,H,39,12,8,16,26,NA,NA,NA,11,1175,0.132013201320132,0.16501650165016502,0.066006600660066,0.23102310231023104,IDS,-1.244948878777764,-1.244948878777764,-1.244948878777764
SZ20,SZ,H,32,15,16,12,29,NA,NA,NA,8,400,1.1816192560175056,1.8052516411378556,0.5908096280087528,0.8862144420131292,IDS,1.0708764089700906,1.0708764089700906,1.0708764089700906
P1,P,H,24,15,6,14,27,NA,NA,NA,NA,NA,1.7256637168141593,1.924778761061947,0.497787610619469,0.33185840707964603,HC,0.6162278720721346,0.6162278720721346,0.6162278720721346
P5,P,F,55,17,9,6,29,NA,NA,NA,NA,NA,1,1.064516129032258,0.1935483870967742,0.2903225806451613,HC,-0.3792368596695308,-0.3792368596695308,-0.3792368596695308
P11,P,H,36,17,3,7,28,NA,NA,NA,NA,NA,0.7615894039735099,0.8609271523178809,0.7615894039735099,0.49668874172185434,HC,0.36726221046135893,0.36726221046135893,0.36726221046135893
P3,P,H,29,17,4,22,29,NA,NA,NA,NA,NA,2.27765726681128,2.440347071583514,0.4880694143167028,0.9761388286334056,HC,1.6749238007154712,1.6749238007154712,1.6749238007154712
P19,P,H,42,12,9,15,26,NA,NA,NA,NA,NA,0.06535947712418301,0.13071895424836602,0.22875816993464052,0.13071895424836602,HC,-1.189684740946648,-1.189684740946648,-1.189684740946648
SZ19,SZ,F,44,17,12,8,27,NA,NA,NA,11,450,0.6571741511500547,0.7886089813800657,0.09857612267250822,0.32858707557502737,IDS,-0.6812119069094178,-0.6812119069094178,-0.6812119069094178
P20,P,H,48,9,8,16,26,NA,NA,NA,NA,NA,0.551948051948052,0.9090909090909092,0.2922077922077922,0.4220779220779221,HC,-0.3413011628153854,-0.3413011628153854,-0.3413011628153854
SZ11,SZ,H,28,17,34,20,26,13,11,34,1,600,0.33222591362126247,0.3654485049833887,0.13289036544850497,0.13289036544850497,IDS,-1.1201412710638246,-1.1201412710638246,-1.1201412710638246
SZ9,SZ,H,28,12,6,10,18,5,9,41,9,700,0.12972972972972974,0.2594594594594595,0.03243243243243243,0.12972972972972974,IDS,-1.3586780806496424,-1.3586780806496424,-1.3586780806496424
SZ12,SZ,H,46,10,15,7,23,5,13,39,15,900,0.19933554817275748,0.09966777408637874,0.03322259136212624,0.33222591362126247,IDS,-1.1775589002613034,-1.1775589002613034,-1.1775589002613034
P10,P,F,22,15,7,20,24,NA,NA,NA,NA,NA,1.475409836065574,1.6065573770491803,0.3606557377049181,0.6229508196721312,HC,0.5477690390580763,0.5477690390580763,0.5477690390580763
SZ4,SZ,H,23,14,13,13,24,7,13,21,1,200,NA,NA,0.23001095290251916,0.19715224534501644,IDS,NA,NA,NA
P14,P,H,22,14,2,17,29,NA,NA,NA,NA,NA,1.657638136511376,1.3651137594799567,0.19501625135427952,0.39003250270855905,HC,0.07861952658668969,0.07861952658668969,0.07861952658668969
P8,P,H,22,15,2,13,29,NA,NA,NA,NA,NA,2.0824295010845986,1.9197396963123643,0.7809110629067245,0.6832971800433839,HC,1.4596772930811306,1.4596772930811306,1.4596772930811306
SZ1,SZ,H,25,8,9,17,26,8,9,27,7,250,0.8450704225352113,1.722643553629469,0.2600216684723727,0.7150595882990249,IDS,0.334655525880991,0.334655525880991,0.334655525880991
P6,P,F,23,15,2,17,25,NA,NA,NA,NA,NA,1.9978165938864627,1.539301310043668,0.2947598253275109,0.36026200873362446,HC,0.3569876273075452,0.3569876273075452,0.3569876273075452
SZ10,SZ,F,48,11,12,18,23,15,18,40,5,100,0.5927552140504939,0.6256860592755213,0.13172338090010977,0.32930845225027444,IDS,-0.7235812410930206,-0.7235812410930206,-0.7235812410930206
P18,P,H,52,12,10,12,25,NA,NA,NA,NA,NA,0.8524590163934426,1.475409836065574,0.6229508196721312,0.5245901639344263,HC,0.4871647440753994,0.4871647440753994,0.4871647440753994
P4,P,F,23,16,0,9,30,NA,NA,NA,NA,NA,2.50996015936255,2.98804780876494,0.4382470119521912,0.4780876494023904,HC,1.3756101437956825,1.3756101437956825,1.3756101437956825
SZ16,SZ,H,41,16,9,17,25,13,11,34,23,300,0.6319290465631929,0.7982261640798226,0.36585365853658536,0.3991130820399113,IDS,-0.28743893323177644,-0.28743893323177644,-0.28743893323177644
P15,P,H,25,17,0,7,28,NA,NA,NA,NA,NA,0.487012987012987,0.3896103896103896,0.487012987012987,0.4220779220779221,HC,-0.3190600387421623,-0.3190600387421623,-0.3190600387421623
SZ18,SZ,H,40,20,17,8,23,NA,NA,NA,NA,300,0.3634361233480176,0.19823788546255508,0.09911894273127754,0.13215859030837004,IDS,-1.212055935431715,-1.212055935431715,-1.212055935431715
P17,P,F,34,14,17,11,28,NA,NA,NA,NA,NA,0.06629834254143646,0.09944751381215468,0.09944751381215468,0.03314917127071823,HC,-1.4609857863740536,-1.4609857863740536,-1.4609857863740536
P13,P,F,23,15,14,14,26,NA,NA,NA,NA,NA,0.32894736842105265,0.5592105263157895,0.0986842105263158,0.1973684210526316,HC,-1.0237466110533515,-1.0237466110533515,-1.0237466110533515
SZ7,SZ,H,32,16,4,13,26,9,11,20,8,125,0.695364238410596,0.5298013245033113,0.3973509933774835,0.3642384105960265,IDS,-0.3613775785849531,-0.3613775785849531,-0.3613775785849531
SZ13,SZ,H,30,15,32,18,26,17,7,34,9,800,0.989010989010989,1.4835164835164836,0.09890109890109892,0.7912087912087913,IDS,0.1836486432737818,0.1836486432737818,0.1836486432737818
SZ17,SZ,H,36,12,23,9,26,NA,NA,NA,17,175,0.5223068552774756,0.457018498367791,0.29379760609357997,0.5549510337323178,IDS,-0.37634304651088635,-0.37634304651088635,-0.37634304651088635
P2,P,F,22,15,3,15,26,NA,NA,NA,NA,NA,2.9966703662597114,2.9633740288568258,0.39955604883462814,0.8657047724750278,HC,1.9060232681268001,1.9060232681268001,1.9060232681268001
SZ5,SZ,H,31,12,6,7,24,8,13,22,8,800,1.7532467532467533,1.883116883116883,0.6168831168831169,0.5844155844155844,IDS,1.0220925716321574,1.0220925716321574,1.0220925716321574
SZ15,SZ,H,31,12,9,24,25,19,23,36,7,200,0.5303867403314917,0.6629834254143646,0.09944751381215468,0.2320441988950276,IDS,-0.8744620902511808,-0.8744620902511808,-0.8744620902511808
P9,P,F,58,15,11,7,24,NA,NA,NA,NA,NA,0.16146393972012918,0.32292787944025836,0.25834230355220666,0.6458557588805167,HC,-0.504880359173045,-0.504880359173045,-0.504880359173045
P7,P,H,22,15,7,19,26,NA,NA,NA,NA,NA,2.6710097719869705,2.5407166123778504,0.749185667752443,0.749185667752443,HC,1.9340405921442874,1.9340405921442874,1.9340405921442874
SZ8,SZ,F,47,13,19,11,28,8,16,26,21,200,0.06607929515418502,0.06607929515418502,0.06607929515418502,0.09911894273127754,IDS,-1.444383868905359,-1.444383868905359,-1.444383868905359
P12,P,F,57,17,5,7,26,NA,NA,NA,NA,NA,2.0814977973568283,2.511013215859031,0.4955947136563877,0.42951541850220265,HC,1.0621314085619713,1.0621314085619713,1.0621314085619713
