group,participant,participant_id,n_frames,n_seconds,left_hand_vertical_available,left_hand_vertical_expansiveness,left_hand_vertical_expansiveness_per_s,left_hand_vertical_quantity_of_motion,left_hand_vertical_quantity_of_motion_per_s,left_hand_vertical_n_minima,left_hand_vertical_n_maxima,left_hand_vertical_mean_amplitude,left_hand_vertical_mean_delta_t_frames,left_hand_vertical_mean_delta_t_s,right_hand_vertical_available,right_hand_vertical_expansiveness,right_hand_vertical_expansiveness_per_s,right_hand_vertical_quantity_of_motion,right_hand_vertical_quantity_of_motion_per_s,right_hand_vertical_n_minima,right_hand_vertical_n_maxima,right_hand_vertical_mean_amplitude,right_hand_vertical_mean_delta_t_frames,right_hand_vertical_mean_delta_t_s,left_hand_horizontal_available,left_hand_horizontal_expansiveness,left_hand_horizontal_expansiveness_per_s,left_hand_horizontal_quantity_of_motion,left_hand_horizontal_quantity_of_motion_per_s,left_hand_horizontal_n_minima,left_hand_horizontal_n_maxima,left_hand_horizontal_mean_amplitude,left_hand_horizontal_mean_delta_t_frames,left_hand_horizontal_mean_delta_t_s,right_hand_horizontal_available,right_hand_horizontal_expansiveness,right_hand_horizontal_expansiveness_per_s,right_hand_horizontal_quantity_of_motion,right_hand_horizontal_quantity_of_motion_per_s,right_hand_horizontal_n_minima,right_hand_horizontal_n_maxima,right_hand_horizontal_mean_amplitude,right_hand_horizontal_mean_delta_t_frames,right_hand_horizontal_mean_delta_t_s,swaying_available,swaying_expansiveness,swaying_expansiveness_per_s,swaying_quantity_of_motion,swaying_quantity_of_motion_per_s,swaying_n_minima,swaying_n_maxima,swaying_mean_amplitude,swaying_mean_delta_t_frames,swaying_mean_delta_t_s,sideways_available,sideways_expansiveness,sideways_expansiveness_per_s,sideways_quantity_of_motion,sideways_quantity_of_motion_per_s,sideways_n_minima,sideways_n_maxima,sideways_mean_amplitude,sideways_mean_delta_t_frames,sideways_mean_delta_t_s,head_horizontal_available,head_horizontal_expansiveness,head_horizontal_expansiveness_per_s,head_horizontal_quantity_of_motion,head_horizontal_quantity_of_motion_per_s,head_horizontal_n_minima,head_horizontal_n_maxima,head_horizontal_mean_amplitude,head_horizontal_mean_delta_t_frames,head_horizontal_mean_delta_t_s,head_vertical_available,head_vertical_expansiveness,head_vertical_expansiveness_per_s,head_vertical_quantity_of_motion,head_vertical_quantity_of_motion_per_s,head_vertical_n_minima,head_vertical_n_maxima,head_vertical_mean_amplitude,head_vertical_mean_delta_t_frames,head_vertical_mean_delta_t_s,left_foot_horizontal_available,left_foot_horizontal_expansiveness,left_foot_horizontal_expansiveness_per_s,left_foot_horizontal_quantity_of_motion,left_foot_horizontal_quantity_of_motion_per_s,left_foot_horizontal_n_minima,left_foot_horizontal_n_maxima,left_foot_horizontal_mean_amplitude,left_foot_horizontal_mean_delta_t_frames,left_foot_horizontal_mean_delta_t_s,right_foot_horizontal_available,right_foot_horizontal_expansiveness,right_foot_horizontal_expansiveness_per_s,right_foot_horizontal_quantity_of_motion,right_foot_horizontal_quantity_of_motion_per_s,right_foot_horizontal_n_minima,right_foot_horizontal_n_maxima,right_foot_horizontal_mean_amplitude,right_foot_horizontal_mean_delta_t_frames,right_foot_horizontal_mean_delta_t_s,MQI_left_wrist,MQI_right_wrist,MQI_nose,MQI_left_foot_index,MQI_right_foot_index
P,1,P1,904,30.13,1,8.245114,0.273621,74.0,2.4558,37.0,37.0,0.112947,12.26,0.4087,1,9.569965,0.317587,70.0,2.323,35.0,35.0,0.138695,12.64,0.4213,1,8.208172,0.272395,59.0,1.958,30.0,29.0,0.14152,15.09,0.5029,1,7.597072,0.252115,76.0,2.5221,38.0,38.0,0.101294,11.77,0.3924,1,1.820321,0.060409,55,1.8252,27,28,0.03371,15.89,0.5296,1,2.194453,0.072825,60,1.9912,30,30,0.037194,14.98,0.4994,1,2.499919,0.082962,86,2.854,43,43,0.029411,10.42,0.3475,1,1.733922,0.057542,126,4.1814,63,63,0.013871,7.04,0.2347,1,0.746032,0.024758,131,4.3473,65,66,0.005739,6.9,0.23,1,0.759659,0.02521,120,3.9823,60,60,0.006384,7.48,0.2493,4.680067,4.787993,2.945925,3.415247,3.369835
P,10,P10,915,30.5,1,10.811782,0.354485,55.0,1.8033,27.0,28.0,0.200218,16.69,0.5562,1,5.400741,0.177073,75.0,2.459,37.0,38.0,0.072983,12.03,0.4009,1,6.920305,0.226895,50.0,1.6393,25.0,25.0,0.141231,17.9,0.5966,1,4.318023,0.141575,76.0,2.4918,38.0,38.0,0.057574,11.84,0.3947,1,0.972125,0.031873,70,2.2951,35,35,0.014089,12.67,0.4222,1,1.059206,0.034728,37,1.2131,19,18,0.029422,25.06,0.8352,1,1.746342,0.057257,110,3.6066,55,55,0.016021,8.25,0.2749,1,3.113955,0.102097,96,3.1475,48,48,0.032778,9.44,0.3147,1,0.537149,0.017611,128,4.1967,64,64,0.00423,7.07,0.2357,1,0.386107,0.012659,111,3.6393,56,55,0.00351,7.95,0.2648,5.938772,9.899446,2.978731,4.128851,3.425239
P,11,P11,906,30.2,1,6.941954,0.229866,97.0,3.2119,48.0,49.0,0.072312,9.38,0.3125,1,1.804207,0.059742,140.0,4.6358,70.0,70.0,0.01298,6.48,0.2161,1,2.443494,0.08091,115.0,3.8079,58.0,57.0,0.021434,7.86,0.262,1,1.841554,0.060979,127.0,4.2053,64.0,63.0,0.014616,7.13,0.2376,1,0.835708,0.027672,105,3.4768,53,52,0.008036,8.62,0.2872,1,0.829731,0.027475,55,1.8212,27,28,0.015365,16.24,0.5414,1,3.693347,0.122296,68,2.2517,34,34,0.055125,12.94,0.4313,1,2.242593,0.074258,94,3.1126,47,47,0.024114,9.61,0.3204,1,0.596616,0.019755,154,5.0993,77,77,0.003899,5.87,0.1956,1,2.14936,0.071171,181,5.9934,91,90,0.011941,4.97,0.1656,11.85057,5.361956,6.203124,9.038379,10.500885
P,12,P12,908,30.27,1,11.995796,0.396337,82.0,2.7093,41.0,41.0,0.148096,11.12,0.3708,1,12.050499,0.398144,94.0,3.1057,47.0,47.0,0.129575,9.4,0.3133,1,6.688883,0.220998,98.0,3.2379,49.0,49.0,0.068958,9.23,0.3076,1,6.846513,0.226206,91.0,3.0066,46.0,45.0,0.076072,9.98,0.3326,1,0.895405,0.029584,86,2.8414,43,43,0.010534,10.29,0.3431,1,1.197912,0.039579,52,1.7181,26,26,0.023488,16.82,0.5608,1,3.018342,0.099725,92,3.0396,46,46,0.033169,9.82,0.3275,1,2.383621,0.078754,113,3.7335,56,57,0.021282,8.03,0.2676,1,0.32352,0.010689,146,4.8238,73,73,0.002231,6.18,0.206,1,0.377047,0.012457,147,4.8568,73,74,0.002583,6.08,0.2027,6.505839,6.298056,6.11964,3.55765,2.467721
P,13,P13,912,30.4,1,1.499912,0.049339,106.0,3.4868,53.0,53.0,0.014285,8.5,0.2835,1,1.131952,0.037235,104.0,3.4211,52.0,52.0,0.01099,8.74,0.2913,1,0.971144,0.031946,96.0,3.1579,48.0,48.0,0.010223,9.43,0.3144,1,0.74424,0.024482,124.0,4.0789,62.0,62.0,0.006051,7.31,0.2436,1,0.595056,0.019574,81,2.6645,41,40,0.007438,11.12,0.3708,1,0.772727,0.025419,57,1.875,29,28,0.013799,15.86,0.5286,1,0.530172,0.01744,101,3.3224,50,51,0.005302,8.99,0.2997,1,0.685378,0.022545,75,2.4671,37,38,0.009262,11.07,0.3689,1,2.005513,0.065971,154,5.0658,77,77,0.013108,5.86,0.1954,1,0.457619,0.015053,135,4.4408,67,68,0.003415,6.73,0.2244,5.15042,2.763016,3.035631,4.656484,3.733405
P,14,P14,923,30.77,1,4.481125,0.145649,101.0,3.2828,51.0,50.0,0.044811,8.99,0.2997,1,3.052627,0.099219,112.0,3.6403,56.0,56.0,0.027501,7.9,0.2634,1,5.063932,0.164592,83.0,2.6977,42.0,41.0,0.061755,10.98,0.3659,1,3.472269,0.112858,121.0,3.9328,61.0,60.0,0.028936,7.6,0.2533,1,0.712682,0.023164,59,1.9177,29,30,0.012288,15.72,0.5241,1,0.824468,0.026797,90,2.9252,45,45,0.009264,10.22,0.3408,1,0.909422,0.029559,79,2.5677,39,40,0.011659,11.01,0.3671,1,1.741759,0.056612,93,3.0228,47,46,0.018932,9.77,0.3257,1,0.653114,0.021228,121,3.9328,61,60,0.005443,7.47,0.2489,1,0.578563,0.018805,134,4.3554,67,67,0.00435,6.89,0.2298,4.297748,3.851281,3.065018,2.550264,2.502023
P,15,P15,924,30.8,1,8.857196,0.287571,113.0,3.6688,56.0,57.0,0.079082,7.68,0.256,1,0.529623,0.017196,120.0,3.8961,60.0,60.0,0.004451,7.65,0.2549,1,2.536619,0.082358,109.0,3.539,54.0,55.0,0.023487,8.21,0.2738,1,1.022275,0.033191,67.0,2.1753,34.0,33.0,0.015489,13.88,0.4626,1,0.961195,0.031208,77,2.5,38,39,0.012647,12.09,0.4031,1,1.568154,0.050914,34,1.1039,17,17,0.04752,24.76,0.8253,1,2.259754,0.073369,114,3.7013,57,57,0.019998,8.11,0.2702,1,2.190274,0.071113,110,3.5714,55,55,0.020094,8.26,0.2752,1,0.964408,0.031312,154,5.0,77,77,0.006303,5.97,0.1989,1,0.945036,0.030683,155,5.0325,77,78,0.006137,5.86,0.1955,4.477793,2.836046,3.715275,5.125707,3.485896
P,16,P16,924,30.8,1,4.46561,0.144987,87.0,2.8247,44.0,43.0,0.051926,10.33,0.3442,1,3.840074,0.124678,94.0,3.0519,47.0,47.0,0.041291,9.82,0.3272,1,6.43231,0.208841,76.0,2.4675,38.0,38.0,0.085764,11.8,0.3933,1,7.072995,0.229643,74.0,2.4026,37.0,37.0,0.09689,12.47,0.4155,1,1.580291,0.051308,62,2.013,31,31,0.025906,14.49,0.4831,1,2.412037,0.078313,44,1.4286,22,22,0.056094,20.86,0.6953,1,2.686222,0.087215,88,2.8571,44,44,0.030876,10.24,0.3414,1,2.964154,0.096239,100,3.2468,50,50,0.029941,9.29,0.3098,1,1.15581,0.037526,139,4.513,69,70,0.008375,6.59,0.2196,1,1.67362,0.054338,147,4.7727,74,73,0.011463,6.25,0.2082,6.128904,5.111079,2.806122,3.128844,3.393618
P,17,P17,905,30.17,1,0.811937,0.026915,118.0,3.9116,59.0,59.0,0.00694,7.66,0.2553,1,0.66749,0.022127,96.0,3.1823,48.0,48.0,0.007026,9.33,0.3109,1,0.400274,0.013269,75.0,2.4862,38.0,37.0,0.005409,11.54,0.3847,1,0.794704,0.026344,79.0,2.6188,40.0,39.0,0.010189,11.01,0.3671,1,0.258614,0.008573,90,2.9834,45,45,0.002906,9.84,0.3281,1,0.272617,0.009037,43,1.4254,21,22,0.006491,19.14,0.6381,1,0.719288,0.023844,90,2.9834,45,45,0.008082,9.99,0.333,1,0.730508,0.024216,96,3.1823,48,48,0.00769,9.28,0.3095,1,1.494265,0.049534,130,4.3094,65,65,0.011583,6.85,0.2284,1,0.324211,0.010747,125,4.1436,62,63,0.002615,7.02,0.2339,1.087657,1.233308,1.542022,2.357584,2.465107
P,18,P18,915,30.5,1,5.407586,0.177298,93.0,3.0492,47.0,46.0,0.058778,9.77,0.3257,1,3.657733,0.119926,99.0,3.2459,50.0,49.0,0.037324,9.18,0.3061,1,2.401799,0.078748,97.0,3.1803,49.0,48.0,0.025019,9.36,0.3122,1,2.224887,0.072947,92.0,3.0164,46.0,46.0,0.024449,10.0,0.3333,1,3.664588,0.12015,51,1.6721,26,25,0.073292,17.64,0.588,1,3.368807,0.110453,40,1.3115,20,20,0.08638,21.79,0.7265,1,2.888251,0.094697,82,2.6885,41,41,0.035657,11.25,0.3749,1,3.060035,0.100329,80,2.623,40,40,0.038735,11.28,0.3759,1,3.044845,0.099831,152,4.9836,76,76,0.020165,5.98,0.1993,1,3.052922,0.100096,152,4.9836,76,76,0.020218,6.01,0.2002,4.134382,3.541068,3.681939,4.846425,5.872511
P,19,P19,918,30.6,1,0.587923,0.019213,113.0,3.6928,57.0,56.0,0.005249,8.15,0.2717,1,0.504326,0.016481,121.0,3.9542,60.0,61.0,0.004203,7.42,0.2472,1,0.238234,0.007785,88.0,2.8758,44.0,44.0,0.002738,10.33,0.3444,1,0.2443,0.007984,98.0,3.2026,49.0,49.0,0.002519,9.23,0.3076,1,0.153893,0.005029,94,3.0719,47,47,0.001655,9.66,0.3219,1,0.087322,0.002854,88,2.8758,44,44,0.001004,10.11,0.3372,1,0.895387,0.029261,93,3.0392,47,46,0.009732,9.36,0.312,1,0.620808,0.020288,101,3.3007,51,50,0.006208,9.07,0.3023,1,0.96514,0.031541,158,5.1634,79,79,0.006147,5.8,0.1932,1,0.238315,0.007788,135,4.4118,68,67,0.001778,6.69,0.2231,2.752788,2.433157,2.587464,4.440216,5.626397
P,2,P2,901,30.03,1,11.345699,0.37777,80.0,2.6637,40.0,40.0,0.143616,11.14,0.3713,1,23.409355,0.779446,89.0,2.9634,44.0,45.0,0.266015,10.02,0.3341,1,8.733438,0.290791,74.0,2.4639,37.0,37.0,0.119636,12.29,0.4096,1,10.531434,0.350658,103.0,3.4295,51.0,52.0,0.103249,8.42,0.2807,1,1.734107,0.057739,73,2.4306,36,37,0.024085,12.31,0.4102,1,1.994844,0.066421,41,1.3651,21,20,0.049871,21.98,0.7325,1,2.14081,0.071281,83,2.7636,42,41,0.026107,10.51,0.3504,1,3.25587,0.108409,93,3.0966,46,47,0.03539,9.42,0.3141,1,0.940723,0.031323,134,4.4617,67,67,0.007073,6.72,0.2241,1,0.902661,0.030055,149,4.9612,74,75,0.006099,6.05,0.2018,6.876311,9.222927,4.214657,3.844263,3.569461
P,20,P20,924,30.8,1,2.17282,0.070546,104.0,3.3766,52.0,52.0,0.021095,8.79,0.2929,1,1.825404,0.059266,104.0,3.3766,52.0,52.0,0.017722,8.9,0.2968,1,1.671599,0.054273,105.0,3.4091,53.0,52.0,0.016073,8.71,0.2904,1,1.251906,0.040646,106.0,3.4416,53.0,53.0,0.011923,8.39,0.2797,1,0.867293,0.028159,82,2.6623,41,41,0.010707,10.72,0.3572,1,0.751591,0.024402,59,1.9156,29,30,0.012958,15.19,0.5063,1,1.609746,0.052264,107,3.474,53,54,0.015186,8.61,0.2871,1,2.419793,0.078565,114,3.7013,57,57,0.021414,7.92,0.264,1,2.691977,0.087402,176,5.7143,88,88,0.015383,5.24,0.1747,1,4.210398,0.136701,180,5.8442,90,90,0.023522,5.11,0.1702,10.138897,10.942388,17.143018,15.187903,13.651717
P,3,P3,922,30.73,1,8.036762,0.2615,96.0,3.1236,48.0,48.0,0.084597,9.49,0.3165,1,17.257424,0.561521,88.0,2.8633,44.0,44.0,0.198361,10.28,0.3425,1,6.442009,0.20961,90.0,2.9284,45.0,45.0,0.072382,9.89,0.3296,1,7.706124,0.250742,80.0,2.603,40.0,40.0,0.097546,11.53,0.3844,1,1.077995,0.035076,57,1.8547,29,28,0.01925,16.23,0.5411,1,1.428015,0.046465,44,1.4317,22,22,0.03321,20.81,0.6938,1,3.016061,0.098136,82,2.6681,41,41,0.037235,11.16,0.372,1,5.287235,0.172036,67,2.18,33,34,0.08011,13.62,0.454,1,0.668329,0.021746,144,4.6855,72,72,0.004674,6.3,0.21,1,0.656449,0.021359,135,4.3926,68,67,0.004899,6.71,0.2236,4.915006,5.683062,2.717337,3.431758,2.962061
P,4,P4,753,25.1,1,16.162348,0.643918,66.0,2.6295,33.0,33.0,0.248652,11.51,0.3836,1,8.669107,0.345383,76.0,3.0279,38.0,38.0,0.115588,9.97,0.3324,1,6.993925,0.278642,71.0,2.8287,36.0,35.0,0.099913,10.69,0.3562,1,5.819066,0.231835,66.0,2.6295,33.0,33.0,0.089524,11.35,0.3785,1,1.334591,0.053171,64,2.5498,32,32,0.021184,11.76,0.3921,1,1.672223,0.066622,39,1.5538,19,20,0.044006,19.47,0.6491,1,1.516146,0.060404,71,2.8287,35,36,0.021659,10.46,0.3486,1,1.794529,0.071495,93,3.7052,47,46,0.019506,7.93,0.2645,1,3.923759,0.156325,122,4.8606,61,61,0.032428,6.17,0.2058,1,1.373142,0.054707,121,4.8207,60,61,0.011443,6.16,0.2053,6.050455,5.930963,4.749803,5.927448,4.302098
P,5,P5,930,31.0,1,1.618944,0.052224,102.0,3.2903,51.0,51.0,0.016029,9.0,0.3,1,2.769221,0.08933,130.0,4.1935,65.0,65.0,0.021467,7.05,0.2349,1,2.88007,0.092905,94.0,3.0323,47.0,47.0,0.030968,9.87,0.329,1,2.98499,0.09629,87.0,2.8065,43.0,44.0,0.034709,10.67,0.3558,1,2.076861,0.066996,82,2.6452,41,41,0.02564,11.3,0.3765,1,2.481625,0.080052,43,1.3871,22,21,0.059086,21.43,0.7143,1,1.032685,0.033312,132,4.2581,66,66,0.007883,7.02,0.2341,1,1.425983,0.045999,117,3.7742,59,58,0.012293,7.83,0.2609,1,1.780231,0.057427,118,3.8065,59,59,0.015216,7.84,0.2613,1,0.742603,0.023955,147,4.7419,74,73,0.005086,6.25,0.2084,3.640444,4.05819,5.552974,2.638509,2.36728
P,6,P6,916,30.53,1,3.986861,0.130574,92.0,3.0131,46.0,46.0,0.043812,10.01,0.3337,1,7.205895,0.236001,88.0,2.8821,44.0,44.0,0.082826,10.18,0.3395,1,6.212481,0.203466,51.0,1.6703,26.0,25.0,0.12425,17.44,0.5813,1,6.564709,0.215001,58.0,1.8996,29.0,29.0,0.11517,15.86,0.5287,1,0.865987,0.028362,71,2.3253,35,36,0.012371,12.54,0.4181,1,0.754653,0.024716,52,1.7031,26,26,0.014797,17.71,0.5902,1,1.586574,0.051962,81,2.6528,41,40,0.019832,10.57,0.3525,1,2.275434,0.074523,94,3.0786,47,47,0.024467,9.58,0.3194,1,0.472601,0.015478,114,3.7336,57,57,0.004182,7.96,0.2655,1,0.434424,0.014228,115,3.7664,57,58,0.003811,7.8,0.2599,4.504331,4.567396,3.886547,3.026178,3.332975
P,7,P7,921,30.7,1,10.233158,0.333328,78.0,2.5407,39.0,39.0,0.132898,11.61,0.387,1,22.225555,0.723959,85.0,2.7687,42.0,43.0,0.26459,10.71,0.3571,1,6.798824,0.22146,90.0,2.9316,45.0,45.0,0.076391,10.08,0.336,1,12.477514,0.406434,80.0,2.6059,40.0,40.0,0.157943,11.44,0.3814,1,1.810962,0.058989,70,2.2801,35,35,0.026246,12.52,0.4174,1,4.50921,0.14688,24,0.7818,12,12,0.196053,37.61,1.2536,1,3.40619,0.110951,140,4.5603,70,70,0.024505,6.49,0.2163,1,3.83076,0.12478,103,3.355,51,52,0.037556,8.6,0.2866,1,1.940364,0.063204,141,4.5928,71,70,0.01386,6.39,0.2129,1,3.308302,0.107762,171,5.57,85,86,0.019461,5.35,0.1782,6.958882,8.209125,6.120012,5.805168,5.281745
P,8,P8,922,30.73,1,16.800081,0.54664,60.0,1.9523,30.0,30.0,0.284747,14.92,0.4972,1,9.931051,0.323136,89.0,2.8959,45.0,44.0,0.112853,10.15,0.3383,1,8.507601,0.27682,75.0,2.4403,38.0,37.0,0.114968,12.19,0.4063,1,6.012099,0.195621,95.0,3.0911,47.0,48.0,0.063958,9.5,0.3167,1,2.781259,0.090496,77,2.5054,39,38,0.036596,12.07,0.4022,1,5.928701,0.192908,30,0.9761,15,15,0.204438,30.86,1.0287,1,3.202246,0.104195,109,3.5466,55,54,0.02965,8.38,0.2793,1,4.668287,0.151897,86,2.7983,43,43,0.054921,10.69,0.3565,1,2.43219,0.079138,148,4.8156,74,74,0.016546,6.21,0.207,1,2.740058,0.089156,144,4.6855,72,72,0.019161,6.38,0.2126,6.462032,5.768679,4.786262,12.335376,9.639704
P,9,P9,929,30.97,1,1.340115,0.043276,75.0,2.422,38.0,37.0,0.01811,12.08,0.4027,1,1.02573,0.033124,103.0,3.3262,52.0,51.0,0.010056,8.75,0.2915,1,0.734127,0.023707,96.0,3.1001,48.0,48.0,0.007728,9.57,0.3189,1,0.862022,0.027837,105.0,3.3907,52.0,53.0,0.008289,8.88,0.2958,1,0.525118,0.016958,68,2.1959,34,34,0.007838,13.54,0.4512,1,0.531653,0.017169,33,1.0657,17,16,0.016614,26.66,0.8885,1,1.597119,0.051575,106,3.423,53,53,0.015211,8.74,0.2914,1,3.599413,0.116235,81,2.6157,41,40,0.044993,11.09,0.3696,1,0.490622,0.015844,99,3.197,49,50,0.005006,9.23,0.3078,1,0.307783,0.009939,127,4.1012,63,64,0.002443,7.18,0.2394,2.473891,1.451792,2.831601,2.911465,2.633508
SZ,1,SZ1,923,30.77,1,7.219504,0.234653,90.0,2.9252,45.0,45.0,0.081118,10.12,0.3375,1,8.12447,0.264067,89.0,2.8927,45.0,44.0,0.092324,10.28,0.3428,1,2.818949,0.091623,91.0,2.9577,45.0,46.0,0.031322,10.2,0.34,1,3.60517,0.117178,83.0,2.6977,41.0,42.0,0.043965,11.07,0.3691,1,0.66939,0.021757,97,3.1528,49,48,0.006973,9.53,0.3177,1,0.458983,0.014918,68,2.2102,34,34,0.00685,13.34,0.4448,1,1.611749,0.052386,108,3.5103,54,54,0.015063,8.49,0.2829,1,3.115742,0.10127,115,3.7378,57,58,0.027331,7.93,0.2643,1,1.364262,0.044342,154,5.0054,77,77,0.008917,5.99,0.1998,1,0.509808,0.01657,138,4.4854,69,69,0.003721,6.66,0.2221,6.734583,5.83465,3.518382,4.661541,3.612192
SZ,10,SZ10,911,30.37,1,10.842606,0.357056,119.0,3.9188,60.0,59.0,0.091886,7.63,0.2542,1,6.575615,0.216541,113.0,3.7212,56.0,57.0,0.058711,8.0,0.2667,1,2.917488,0.096075,73.0,2.404,37.0,36.0,0.040521,12.44,0.4148,1,1.788297,0.05889,92.0,3.0296,46.0,46.0,0.019652,9.66,0.322,1,0.784039,0.025819,95,3.1284,47,48,0.008341,9.46,0.3152,1,0.691264,0.022764,55,1.8112,27,28,0.012801,15.04,0.5012,1,1.049754,0.034569,109,3.5895,55,54,0.00972,8.15,0.2716,1,2.099988,0.069154,131,4.3139,66,65,0.016154,6.94,0.2313,1,1.797708,0.0592,150,4.9396,75,75,0.012065,5.99,0.1998,1,0.46316,0.015252,133,4.3798,67,66,0.003509,6.75,0.225,4.447038,4.8986,4.593098,6.36605,4.692357
SZ,11,SZ11,903,30.1,1,7.988058,0.265384,133.0,4.4186,67.0,66.0,0.060516,6.81,0.227,1,1.295359,0.043035,147.0,4.8837,74.0,73.0,0.008872,6.1,0.2032,1,2.286094,0.07595,117.0,3.887,59.0,58.0,0.019708,7.71,0.2569,1,0.735329,0.02443,133.0,4.4186,67.0,66.0,0.005571,6.73,0.2245,1,0.376313,0.012502,131,4.3522,66,65,0.002895,6.83,0.2277,1,0.209752,0.006968,95,3.1561,48,47,0.002231,9.48,0.316,1,0.529145,0.01758,131,4.3522,65,66,0.00407,6.86,0.2287,1,1.372385,0.045594,132,4.3854,66,66,0.010476,6.65,0.2216,1,1.813855,0.060261,160,5.3156,80,80,0.011408,5.53,0.1845,1,0.802756,0.02667,162,5.3821,81,81,0.004986,5.43,0.181,4.491396,5.137757,2.887172,5.413613,6.346482
SZ,12,SZ12,903,30.1,1,0.898945,0.029865,103.0,3.4219,51.0,52.0,0.008813,8.68,0.2892,1,0.579253,0.019244,110.0,3.6545,55.0,55.0,0.005314,8.09,0.2697,1,0.434012,0.014419,112.0,3.7209,56.0,56.0,0.00391,7.91,0.2637,1,0.421047,0.013988,105.0,3.4884,52.0,53.0,0.004049,8.47,0.2824,1,0.28975,0.009626,87,2.8904,44,43,0.003369,9.4,0.3132,1,0.465793,0.015475,77,2.5581,38,39,0.006129,11.79,0.393,1,0.285601,0.009488,116,3.8538,58,58,0.002483,7.7,0.2565,1,1.105713,0.036735,102,3.3887,51,51,0.010948,8.83,0.2944,1,0.289214,0.009608,148,4.9169,74,74,0.001967,5.88,0.1961,1,0.343789,0.011422,140,4.6512,70,70,0.002473,6.32,0.2108,4.403205,2.142181,2.515173,2.740525,3.360545
SZ,13,SZ13,910,30.33,1,6.970577,0.229799,103.0,3.3956,52.0,51.0,0.068339,8.8,0.2935,1,6.253111,0.206147,96.0,3.1648,48.0,48.0,0.065822,9.38,0.3126,1,3.10097,0.10223,76.0,2.5055,38.0,38.0,0.041346,12.03,0.4009,1,2.955388,0.09743,98.0,3.2308,49.0,49.0,0.030468,9.27,0.3089,1,0.833485,0.027478,79,2.6044,40,39,0.010686,10.91,0.3637,1,1.909316,0.062944,22,0.7253,11,11,0.09092,40.86,1.3619,1,0.978026,0.032243,146,4.8132,73,73,0.006745,6.2,0.2067,1,4.007476,0.132115,125,4.1209,62,63,0.032318,7.18,0.2392,1,3.775006,0.124451,164,5.4066,82,82,0.02316,5.5,0.1832,1,2.880252,0.094953,155,5.1099,78,77,0.018703,5.81,0.1937,4.594415,5.078403,5.940973,5.619793,4.370388
SZ,14,SZ14,909,30.3,1,0.280413,0.009255,70.0,2.3102,35.0,35.0,0.004064,12.99,0.4329,1,0.427794,0.014119,84.0,2.7723,42.0,42.0,0.005154,10.37,0.3458,1,0.197477,0.006517,99.0,3.2673,50.0,49.0,0.002015,8.93,0.2976,1,0.418062,0.013797,69.0,2.2772,35.0,34.0,0.006148,12.49,0.4162,1,0.176975,0.005841,99,3.2673,49,50,0.001806,8.7,0.2901,1,0.213222,0.007037,47,1.5512,23,24,0.004635,19.0,0.6333,1,0.448705,0.014809,98,3.2343,49,49,0.004626,9.07,0.3024,1,1.453513,0.047971,108,3.5644,54,54,0.013584,8.3,0.2766,1,0.397001,0.013102,143,4.7195,72,71,0.002796,6.3,0.2099,1,0.257435,0.008496,139,4.5875,69,70,0.001865,6.28,0.2094,6.463331,2.393834,1.194591,6.003373,6.296739
SZ,15,SZ15,905,30.17,1,2.756686,0.091382,122.0,4.0442,61.0,61.0,0.022783,7.12,0.2375,1,2.843188,0.094249,125.0,4.1436,63.0,62.0,0.022929,6.86,0.2288,1,1.891481,0.062701,99.0,3.2818,50.0,49.0,0.019301,9.16,0.3054,1,2.249059,0.074554,112.0,3.7127,56.0,56.0,0.020262,7.96,0.2655,1,0.364394,0.012079,130,4.3094,65,65,0.002825,6.97,0.2323,1,0.248962,0.008253,106,3.5138,53,53,0.002371,8.49,0.2829,1,1.272829,0.042193,133,4.4088,67,66,0.009643,6.8,0.2268,1,1.670346,0.055371,139,4.6077,70,69,0.012104,6.44,0.2147,1,1.25129,0.041479,161,5.337,80,81,0.007821,5.59,0.1865,1,1.849535,0.061311,167,5.5359,83,84,0.011142,5.38,0.1793,3.752987,3.325475,3.191599,12.236042,8.462387
SZ,16,SZ16,902,30.07,1,6.781761,0.225557,78.0,2.5942,39.0,39.0,0.088075,8.9,0.2965,1,1.985646,0.066041,117.0,3.8914,59.0,58.0,0.017118,7.47,0.2491,1,1.895157,0.063032,88.0,2.9268,44.0,44.0,0.021783,8.18,0.2728,1,1.170885,0.038943,112.0,3.7251,56.0,56.0,0.010549,7.77,0.2592,1,0.945173,0.031436,81,2.694,40,41,0.011815,10.79,0.3596,1,1.097296,0.036495,78,2.5942,39,39,0.014251,11.18,0.3727,1,1.904261,0.063335,107,3.5588,54,53,0.017965,8.33,0.2777,1,2.488859,0.082778,113,3.7583,57,56,0.022222,7.71,0.2571,1,3.869586,0.1287,136,4.5233,68,68,0.028664,6.5,0.2168,1,3.741785,0.12445,163,5.4213,81,82,0.023097,5.47,0.1823,5.634755,4.838188,6.70312,6.262918,6.644929
SZ,17,SZ17,919,30.63,1,2.161123,0.070548,118.0,3.852,59.0,59.0,0.018471,7.66,0.2553,1,1.90633,0.062231,112.0,3.6561,56.0,56.0,0.017174,8.18,0.2727,1,2.212629,0.072229,124.0,4.0479,62.0,62.0,0.017989,7.3,0.2434,1,1.345732,0.04393,96.0,3.1338,48.0,48.0,0.014166,9.55,0.3182,1,0.538819,0.017589,96,3.1338,48,48,0.005672,8.84,0.2947,1,0.794446,0.025934,45,1.469,23,22,0.018056,19.16,0.6386,1,1.249046,0.040774,113,3.6888,57,56,0.011152,8.1,0.2699,1,3.404298,0.111131,107,3.4929,54,53,0.032116,8.57,0.2855,1,1.135302,0.037061,140,4.5702,70,70,0.008168,6.5,0.2165,1,1.708748,0.055781,135,4.407,68,67,0.012752,6.8,0.2266,4.808156,2.770023,3.184361,4.662558,5.08733
SZ,18,SZ18,908,30.27,1,0.663332,0.021916,124.0,4.0969,62.0,62.0,0.005393,7.08,0.236,1,0.883717,0.029198,95.0,3.1388,47.0,48.0,0.009401,9.47,0.3156,1,0.889273,0.029381,62.0,2.0485,31.0,31.0,0.014578,14.77,0.4923,1,0.819122,0.027063,57.0,1.8833,29.0,28.0,0.014627,15.86,0.5286,1,0.639454,0.021127,68,2.2467,34,34,0.009544,13.27,0.4423,1,0.929418,0.030708,19,0.6278,9,10,0.051634,47.39,1.5796,1,0.914102,0.030202,93,3.0727,47,46,0.009936,9.32,0.3105,1,0.799798,0.026425,105,3.4692,52,53,0.00769,8.57,0.2856,1,0.471611,0.015582,113,3.7335,57,56,0.004211,8.06,0.2687,1,0.221745,0.007326,116,3.8326,58,58,0.001928,7.72,0.2574,1.547842,1.547624,2.593108,4.457292,3.989534
SZ,19,SZ19,913,30.43,1,3.179383,0.10447,86.0,2.8258,43.0,43.0,0.037405,10.51,0.3502,1,7.78296,0.255738,86.0,2.8258,43.0,43.0,0.091564,10.54,0.3514,1,1.547101,0.050836,77.0,2.5301,38.0,39.0,0.020357,11.87,0.3956,1,2.173487,0.071418,90.0,2.9573,45.0,45.0,0.024421,9.63,0.321,1,0.965653,0.03173,83,2.7273,42,41,0.011776,10.77,0.3589,1,1.36273,0.044778,65,2.1358,33,32,0.021293,13.97,0.4656,1,1.000016,0.032859,103,3.3844,51,52,0.009804,8.78,0.2928,1,2.281041,0.074952,101,3.3187,50,51,0.02281,8.94,0.298,1,2.296623,0.075464,145,4.7645,72,73,0.015949,6.29,0.2097,1,0.729841,0.023982,117,3.8445,58,59,0.006292,7.77,0.2589,7.322314,12.307784,5.367344,6.963419,5.076281
SZ,2,SZ2,912,30.4,1,5.100169,0.167769,102.0,3.3553,51.0,51.0,0.050497,8.8,0.2934,1,3.188105,0.104872,102.0,3.3553,51.0,51.0,0.031565,8.9,0.2967,1,3.397108,0.111747,106.0,3.4868,53.0,53.0,0.032353,8.54,0.2848,1,2.392038,0.078685,73.0,2.4013,36.0,37.0,0.033223,12.07,0.4023,1,0.339711,0.011175,112,3.6842,56,56,0.00306,7.99,0.2664,1,0.206676,0.006799,77,2.5329,38,39,0.002719,11.79,0.393,1,0.696691,0.022917,127,4.1776,64,63,0.005529,6.98,0.2325,1,1.23055,0.040479,113,3.7171,56,57,0.010987,8.1,0.2699,1,0.612405,0.020145,144,4.7368,72,72,0.004283,6.33,0.211,1,0.626728,0.020616,159,5.2303,80,79,0.003967,5.73,0.1909,6.652923,4.139614,1.794724,8.203724,7.970339
SZ,20,SZ20,914,30.47,1,11.966359,0.392769,94.0,3.0853,47.0,47.0,0.128671,9.61,0.3204,1,8.099362,0.265843,96.0,3.151,48.0,48.0,0.085256,9.44,0.3147,1,4.80975,0.157869,101.0,3.3151,51.0,50.0,0.048097,8.96,0.2987,1,4.120007,0.13523,101.0,3.3151,51.0,50.0,0.0412,8.98,0.2993,1,1.027449,0.033724,74,2.4289,37,37,0.014075,11.84,0.3945,1,2.065944,0.06781,23,0.7549,11,12,0.093907,36.77,1.2258,1,2.586902,0.084909,70,2.2976,35,35,0.037491,12.99,0.4329,1,4.177377,0.137113,83,2.7243,42,41,0.050944,11.0,0.3667,1,0.936529,0.030739,125,4.1028,63,62,0.007553,7.14,0.2379,1,0.469376,0.015406,104,3.4136,52,52,0.004557,8.76,0.2919,6.241796,5.664326,5.197892,3.257446,2.933751
SZ,3,SZ3,751,25.03,1,2.484894,0.099263,115.0,4.5939,58.0,57.0,0.021797,6.54,0.2181,1,11.35997,0.453794,73.0,2.9161,36.0,37.0,0.157777,10.15,0.3384,1,2.970038,0.118643,60.0,2.3968,30.0,30.0,0.05034,12.39,0.413,1,5.504215,0.219875,73.0,2.9161,37.0,36.0,0.076447,10.32,0.344,1,1.954919,0.078093,74,2.9561,37,37,0.02678,10.03,0.3342,1,3.688416,0.14734,32,1.2783,16,16,0.118981,22.16,0.7387,1,1.745718,0.069736,80,3.1957,40,40,0.022098,9.41,0.3135,1,2.097762,0.083799,81,3.2357,41,40,0.026222,9.24,0.3079,1,1.428977,0.057083,104,4.1545,52,52,0.013874,7.08,0.2359,1,1.871145,0.074746,110,4.3941,55,55,0.017166,6.72,0.2239,4.611176,8.471222,2.831607,4.729702,5.674383
SZ,4,SZ4,913,30.43,0,,,,,,,,,,0,,,,,,,,,,0,,,,,,,,,,0,,,,,,,,,,1,0.780065,0.025632,92,3.023,46,46,0.008572,9.75,0.3249,1,1.781154,0.058526,35,1.1501,17,18,0.052387,25.68,0.8559,1,1.159518,0.0381,115,3.7788,58,57,0.010171,7.94,0.2646,1,0.818434,0.026893,131,4.3045,65,66,0.006296,6.71,0.2236,1,1.478836,0.048593,112,3.6802,56,56,0.013323,8.14,0.2715,1,1.130722,0.037154,122,4.0088,61,61,0.009345,7.26,0.2421,,,2.510516,5.250504,4.684618
SZ,5,SZ5,924,30.8,1,18.328634,0.595086,94.0,3.0519,47.0,47.0,0.197082,9.74,0.3247,1,3.71278,0.120545,105.0,3.4091,52.0,53.0,0.0357,8.68,0.2894,1,8.170861,0.265288,79.0,2.5649,39.0,40.0,0.104755,11.74,0.3915,1,2.220187,0.072084,112.0,3.6364,56.0,56.0,0.020002,8.23,0.2742,1,1.978051,0.064222,93,3.0195,47,46,0.021501,9.92,0.3308,1,3.425879,0.11123,50,1.6234,25,25,0.069916,18.1,0.6034,1,2.817589,0.09148,93,3.0195,46,47,0.030626,9.84,0.3279,1,3.580257,0.116242,99,3.2143,50,49,0.036533,9.36,0.3119,1,2.357756,0.076551,158,5.1299,79,79,0.015018,5.8,0.1934,1,8.118662,0.263593,168,5.4545,84,84,0.048615,5.5,0.1832,10.259246,7.199973,7.105246,7.162213,9.987515
SZ,6,SZ6,907,30.23,1,13.901436,0.459805,107.0,3.5391,54.0,53.0,0.131146,8.35,0.2783,1,14.100553,0.466391,100.0,3.3076,50.0,50.0,0.14243,8.99,0.2997,1,4.532473,0.149916,62.0,2.0507,31.0,31.0,0.074303,14.05,0.4683,1,3.007572,0.099479,68.0,2.2492,34.0,34.0,0.044889,13.37,0.4458,1,0.785,0.025965,91,3.0099,45,46,0.008722,9.83,0.3278,1,0.923752,0.030554,41,1.3561,21,20,0.023094,22.52,0.7508,1,1.320678,0.043683,114,3.7707,57,57,0.011687,7.86,0.2619,1,3.566265,0.117958,111,3.6714,55,56,0.032421,7.92,0.2639,1,0.547817,0.01812,138,4.5645,69,69,0.003999,6.46,0.2153,1,0.529801,0.017524,124,4.1014,62,62,0.004307,7.07,0.2355,5.902806,6.292519,3.40636,14.157216,9.26179
SZ,7,SZ7,906,30.2,1,2.53759,0.084026,127.0,4.2053,64.0,63.0,0.02014,7.14,0.2381,1,1.69633,0.05617,123.0,4.0728,62.0,61.0,0.013904,7.33,0.2443,1,1.430609,0.047371,124.0,4.106,62.0,62.0,0.011631,6.84,0.2279,1,1.371784,0.045423,112.0,3.7086,56.0,56.0,0.012358,7.48,0.2492,1,1.116938,0.036985,93,3.0795,47,46,0.012141,9.15,0.3051,1,3.920571,0.12982,37,1.2252,18,19,0.108905,24.14,0.8046,1,1.534502,0.050811,142,4.702,71,71,0.010883,6.28,0.2095,1,2.251895,0.074566,144,4.7682,72,72,0.015748,6.18,0.2061,1,6.51911,0.215865,166,5.4967,83,83,0.03951,5.33,0.1776,1,4.423063,0.146459,164,5.4305,82,82,0.027135,5.49,0.183,7.708222,5.560089,9.483896,8.532353,9.307173
SZ,8,SZ8,908,30.27,1,0.358219,0.011835,115.0,3.7996,58.0,57.0,0.003142,7.54,0.2515,1,0.250246,0.008268,114.0,3.7665,57.0,57.0,0.002215,7.85,0.2617,1,0.261504,0.00864,121.0,3.9978,61.0,60.0,0.002179,7.44,0.2481,1,0.151956,0.005021,121.0,3.9978,60.0,61.0,0.001266,7.17,0.2392,1,0.131194,0.004335,108,3.5683,54,54,0.001226,8.08,0.2695,1,0.084603,0.002795,91,3.0066,45,46,0.00094,9.93,0.3311,1,0.477554,0.015778,103,3.4031,51,52,0.004682,8.72,0.2905,1,0.684095,0.022602,93,3.0727,47,46,0.007436,9.27,0.3091,1,0.211166,0.006977,161,5.3194,81,80,0.00132,5.54,0.1848,1,0.450344,0.014879,141,4.6586,71,70,0.003217,6.43,0.2143,1.712153,2.502194,1.450444,0.928548,1.204935
SZ,9,SZ9,925,30.83,1,0.794078,0.025754,135.0,4.3784,68.0,67.0,0.005926,6.87,0.2289,1,0.787089,0.025527,147.0,4.7676,74.0,73.0,0.005391,6.23,0.2078,1,0.407474,0.013215,133.0,4.3135,66.0,67.0,0.003087,6.96,0.2321,1,0.351272,0.011393,94.0,3.0486,47.0,47.0,0.003777,9.49,0.3165,1,0.231303,0.007502,125,4.0541,62,63,0.001865,7.27,0.2422,1,0.34583,0.011216,46,1.4919,23,23,0.007685,19.04,0.6348,1,0.261836,0.008492,142,4.6054,71,71,0.001857,6.49,0.2163,1,0.856118,0.027766,128,4.1514,64,64,0.006741,6.95,0.2318,1,0.293191,0.009509,117,3.7946,59,58,0.002528,7.64,0.2546,1,0.324365,0.01052,147,4.7676,74,73,0.002222,6.28,0.2094,2.422697,1.504736,2.730354,1.946194,2.434635
