file,subject,group,n_frames,Right hand horizontal_quantity,Right hand horizontal_amplitude_sum,Right hand horizontal_amplitude_mean,Right hand horizontal_max,Right hand horizontal_min,Right hand horizontal_mean,Right hand horizontal_sd,Left hand horizontal_quantity,Left hand horizontal_amplitude_sum,Left hand horizontal_amplitude_mean,Left hand horizontal_max,Left hand horizontal_min,Left hand horizontal_mean,Left hand horizontal_sd,Swaying of body_quantity,Swaying of body_amplitude_sum,Swaying of body_amplitude_mean,Swaying of body_max,Swaying of body_min,Swaying of body_mean,Swaying of body_sd,Body moving sideways_quantity,Body moving sideways_amplitude_sum,Body moving sideways_amplitude_mean,Body moving sideways_max,Body moving sideways_min,Body moving sideways_mean,Body moving sideways_sd,Shoulder turn_quantity,Shoulder turn_amplitude_sum,Shoulder turn_amplitude_mean,Shoulder turn_max,Shoulder turn_min,Shoulder turn_mean,Shoulder turn_sd,Right hand vertical_quantity,Right hand vertical_amplitude_sum,Right hand vertical_amplitude_mean,Right hand vertical_max,Right hand vertical_min,Right hand vertical_mean,Right hand vertical_sd,Left hand vertical_quantity,Left hand vertical_amplitude_sum,Left hand vertical_amplitude_mean,Left hand vertical_max,Left hand vertical_min,Left hand vertical_mean,Left hand vertical_sd,Head vertical_quantity,Head vertical_amplitude_sum,Head vertical_amplitude_mean,Head vertical_max,Head vertical_min,Head vertical_mean,Head vertical_sd,Head turn_quantity,Head turn_amplitude_sum,Head turn_amplitude_mean,Head turn_max,Head turn_min,Head turn_mean,Head turn_sd,Head tilt_quantity,Head tilt_amplitude_sum,Head tilt_amplitude_mean,Head tilt_max,Head tilt_min,Head tilt_mean,Head tilt_sd,Horizontal amplitudes sum,Vertical amplitudes sum,Horizontal quantity,Vertical quantity,Overall motion amplitude sum,Overall motion quantity
landmarks_P1_POSE.csv,P1,P,904,60,2.1095086375123677,0.0357543836866503,0.11235298442266642,-0.11755164170489758,-0.03944965596891608,0.04465530871136401,57,2.2721745301289884,0.04057454518087479,0.1880299376592482,-0.054682271082394276,0.07721543056121716,0.049517257624953674,51,0.5034854165365535,0.010069708330731071,0.06395800939295773,-0.03485128242682182,-0.005802127384557905,0.01431269879741865,51,0.5034854165365535,0.010069708330731071,0.03485128242682182,-0.06395800939295773,0.005802127384557905,0.01431269879741865,87,0.480820338960769,0.00559093417396243,-0.2334719850354058,-0.3200506122656962,-0.28458859000914866,0.011594486631279158,74,2.776937663459594,0.03804024196519992,-0.2858483149443626,-0.7710080307413005,-0.5156304173950476,0.08235326943974332,66,2.5165886160952082,0.03871674793992628,-0.33277421165299287,-0.7595318888093809,-0.4977377518192626,0.08117068242452466,126,0.37354520709465455,0.0029883616567572364,-0.250206949912908,-0.31346296881482427,-0.28627603238634636,0.009984676834614974,121,0.2649259923114995,0.002207716602595829,-0.06911497264929897,-0.09815354863433158,-0.09271923684370557,0.0046767000143955895,91,0.4509341974653315,0.005010379971837017,0.03527190097354532,-0.03402671734329894,-0.008945567050991072,0.015506062974359445,6.134400331986732,6.118005684114788,427,357,12.25240601610152,784
landmarks_P10_POSE.csv,P10,P,915,82,1.152702353816732,0.014230893256996691,0.11306540528914466,-0.061003131775124654,0.002021462025283022,0.038964642532797196,52,1.9434802315662711,0.038107455520907274,0.13749889376427343,-0.13747100103356896,0.02612865151999583,0.06922652220407072,78,0.2544164350181115,0.00330410954568976,0.01107978187294038,-0.020122763348740698,-0.002540662756247354,0.00653114756421327,78,0.2544164350181115,0.00330410954568976,0.020122763348740698,-0.01107978187294038,0.002540662756247354,0.00653114756421327,98,0.3477318717077364,0.0035848646567807874,-0.2555685161607758,-0.2864635847595049,-0.27382362029059537,0.006745481433533,99,1.4217766463708714,0.014507924962968075,-0.3414488210660385,-0.7211115535069738,-0.44203763230972987,0.08981579953794427,75,2.896981990297286,0.03914840527428765,0.16674163806411368,-0.6839783460647809,-0.3929534102605588,0.1571864303916821,86,0.6287261264936992,0.007396777958749402,-0.2575405662627859,-0.3322057991360232,-0.2890907082517342,0.020462102512165844,100,0.20238529446696235,0.0020442959037066904,-0.08944112202659335,-0.10821589977719603,-0.10033359363861999,0.003417882928914545,73,0.4658585518231002,0.0064702576642097255,0.023772643678515976,-0.04377926684205769,-0.004923493398340981,0.011870719783861403,4.155132621593925,5.413343314984957,488,333,9.568475936578881,821
landmarks_P11_POSE.csv,P11,P,906,121,0.6563113080152858,0.005469260900127382,0.1370093879651361,0.060977323674703446,0.09371826436524575,0.00989767805159668,93,0.8213837002540523,0.008928083698413612,0.049317772511522764,-0.11125148036144843,-0.07916248335569671,0.02884781623575739,96,0.2980635185915118,0.0031375107220159137,0.004471431944891495,-0.029217195441982063,-0.006937919507126696,0.006427250849473886,96,0.2980635185915118,0.0031375107220159137,0.029217195441982063,-0.004471431944891495,0.006937919507126696,0.006427250849473886,124,0.35858864238309685,0.0029153548161227386,-0.36472286438937873,-0.40199059420919453,-0.37726383421926596,0.007706474703584189,125,0.8298835021974329,0.006692608888688975,-0.6559930208211348,-0.7472786007525478,-0.6854206820850448,0.01722435866741253,94,2.756485376143672,0.02963962770046959,0.11245251886307475,-0.6835850616239824,-0.5833178615033336,0.1559063507473949,93,0.7007718491222745,0.007617085316546463,-0.18960942369632813,-0.2775096418307891,-0.25025967189182197,0.01832596859103107,105,0.45247049492040714,0.004350677835773146,-0.08440375081165337,-0.14082178375579588,-0.1263330926508585,0.007504508838327687,91,0.4526235167999532,0.0050291501866661465,0.03064183356742215,-0.021833717910502672,-0.0003884900360302801,0.010323258358441525,2.8848811827558656,4.739764244263332,635,403,7.624645427019198,1038
landmarks_P12_POSE.csv,P12,P,908,85,1.7446161510362925,0.020769239893289198,0.08017837689479437,-0.13735794300934195,-0.05717612322873771,0.05970453651141016,90,1.6821292499097744,0.01890032865067162,0.14747793224606204,-0.08322983887552668,0.05536823473294622,0.060364841888154525,80,0.2237238394512714,0.00283194733482622,0.03393795375334625,-0.018769877868446475,-0.007695880619288752,0.010755420840568389,80,0.2237238394512714,0.00283194733482622,0.018769877868446475,-0.03393795375334625,0.007695880619288752,0.010755420840568389,108,0.28078252621647415,0.0026241357590324685,-0.23595645988404246,-0.29288576335391175,-0.2711256776636473,0.013787918843721297,79,3.0681997696159735,0.03933589448225607,-0.1450080559426712,-0.7207510200092742,-0.3940414545262088,0.16573622118518094,86,3.0998471177322924,0.03646878962037991,-0.16027018061820497,-0.6985963119534506,-0.3965747304528797,0.15260141333808974,110,0.4383658214092739,0.00402170478357132,-0.23259604289572286,-0.32044352751758676,-0.279757425410973,0.0298440818081066,136,0.28538969763464855,0.002113997760256656,-0.038699405356748616,-0.10119555619745116,-0.08865792824547442,0.0121223815851917,134,0.37636991360372907,0.002829848974464128,0.03294989329164799,-0.022572151273177705,0.0077244947839330905,0.012620793697589422,4.440365303699733,6.982782622361269,579,409,11.423147926061002,988
landmarks_P13_POSE.csv,P13,P,912,112,0.18695878615440198,0.0016843133887783962,0.11910781622896252,0.06821499426878268,0.09138152274339392,0.009135449741224069,94,0.24064977902250304,0.0025876320325000325,-0.032374792078030575,-0.07275882277582882,-0.0539844741310692,0.00943946375213565,75,0.15412968154717,0.002082833534421216,0.023374449569518705,-0.027340114694513064,-0.012097677027386029,0.01020850865571768,75,0.15412968154717,0.002082833534421216,0.027340114694513064,-0.023374449569518705,0.012097677027386029,0.01020850865571768,103,0.10199691941300437,0.0009999697981667095,-0.26014279660483197,-0.2757547087141302,-0.26775745631522746,0.003688712696875511,135,0.3491057357552382,0.0026052666847405834,-0.6180442071989922,-0.7194167347488134,-0.6713120441274278,0.01913849296305557,124,0.37066331933610863,0.0030135229214317775,-0.6825811030929222,-0.7224346263207324,-0.7038130010372153,0.008692139525980034,96,0.16963112293868793,0.0017855907677756624,-0.23536712770234924,-0.2695762936667768,-0.2552050736899674,0.007349197732752883,117,0.07893711880619286,0.0006804924035016626,-0.09404682809654838,-0.10434358166043181,-0.09869869779132125,0.0021162216209978106,64,0.19708157172861854,0.0031282789163272783,0.014833345208137927,-0.024350688902596836,0.0002643145271506432,0.008948138950611965,0.9168019664904422,1.0864817497586532,576,419,2.0032837162490953,995
landmarks_P14_POSE.csv,P14,P,923,106,0.8491008592684665,0.008086674850175871,0.004174226353867555,-0.07526584638292493,-0.051066368315283855,0.01397993586922969,79,1.294118360585158,0.01659126103314305,0.11788788496120332,-0.023625944979000613,0.06624236922298306,0.02136565727554796,61,0.1852126814547715,0.0030868780242461914,0.011458943462262158,-0.03235584130244827,0.0009060200431923944,0.006308382012756685,61,0.1852126814547715,0.0030868780242461914,0.03235584130244827,-0.011458943462262158,-0.0009060200431923944,0.006308382012756685,92,0.1727122428731679,0.0018979367348699767,-0.25926815444928186,-0.2766627704972978,-0.2676562821942171,0.0033997773511875956,98,0.7692012546609959,0.007929909841865937,-0.2896951848229722,-0.4159442337534835,-0.3761824049164765,0.017284215692813593,81,1.1970451819956804,0.014963064774946005,-0.3238152081664373,-0.441249678982328,-0.3841799544329533,0.024751230763689316,93,0.33375177409034573,0.0036277366748950625,-0.253228117692314,-0.30955262326776445,-0.28607015257017804,0.009263847518079169,110,0.17544681954165442,0.0016096038490060038,-0.10026043729346586,-0.12023369609462287,-0.10868772327506879,0.0034226761907257598,73,0.34797092421126663,0.004832929502934259,0.015910008811721936,-0.027484446717286098,-0.005556491013503649,0.008010835778096692,2.86180364517799,2.647969134958289,509,345,5.509772780136279,854
landmarks_P15_POSE.csv,P15,P,924,66,0.28518411089294526,0.004387447859891465,0.09498071163706273,0.010803604984804368,0.05924103629681771,0.01080444426329656,110,0.7214981619440389,0.006619249192147146,0.13692927237198999,-0.06428210008835705,-0.0029657724758341067,0.03557653978806059,93,0.273275449374694,0.0029703853192901523,0.02304552524243852,-0.06686771365464435,-0.03465132301306436,0.010929574368210708,93,0.273275449374694,0.0029703853192901523,0.06686771365464435,-0.02304552524243852,0.03465132301306436,0.010929574368210708,174,0.15561157732894065,0.0008994888862944546,-0.2643813232427119,-0.28881400493180365,-0.27770888755318807,0.005250506995066137,134,0.3647118693568713,0.002742194506442641,-0.5032560492733125,-0.56000099462444,-0.5257398460881754,0.01210202239263251,147,2.399628807800398,0.01643581375205752,-0.0003163625472445104,-0.5925836559447049,-0.5113077074121227,0.14246928003007106,118,0.4361740584656224,0.0037279834056890802,-0.23218650942931607,-0.31131606643184867,-0.28432444607353513,0.01792854068577488,163,0.22841855838235642,0.0014099911011256569,-0.07045444589586054,-0.0979406976468444,-0.08011457437608616,0.006557089445578651,114,0.28248858106404456,0.002499898947469421,0.022714102205853876,-0.04558916042415831,-0.026310212854897173,0.011614759849631265,1.9372633072976693,3.4830033166869363,699,513,5.420266623984606,1212
landmarks_P16_POSE.csv,P16,P,924,71,1.8390737243588267,0.026272481776554668,0.03452169096887048,-0.1504957659913751,-0.06270898614370427,0.028350997365984315,68,1.6624606384645944,0.024812845350217827,0.14712149249508713,-0.03693465583825854,0.06863856049154995,0.032141873398307666,62,0.4134177134171295,0.006777339564215238,0.04519460843439799,-0.029507014500699192,-0.006433194761247044,0.012417169222050734,62,0.4134177134171295,0.006777339564215238,0.029507014500699192,-0.04519460843439799,0.006433194761247044,0.012417169222050734,108,0.42712442093647074,0.003991817018097857,-0.214176040995467,-0.28453460974571476,-0.2678228903880513,0.009670211432680043,90,1.0307232413459277,0.011581160015122783,-0.2306735227457759,-0.31083734555231934,-0.2690642930341895,0.017443948428733175,97,1.1032226382787274,0.011491902482070077,-0.23405896426177436,-0.3392656253732279,-0.28974709238559565,0.021908383537610134,122,0.5652663902402308,0.004671623059836619,-0.2623654872288954,-0.30339925370944953,-0.285193052030523,0.007691355135396929,131,0.31461303338091295,0.0024201002567762536,-0.053242147088804904,-0.10244836965612518,-0.09271638450436911,0.006080008610786079,69,0.5628195905714345,0.008276758684874036,0.032136007558040275,-0.053832865278662365,-0.011589501805191905,0.016528182804830774,5.070107243975063,3.2620318604363203,502,378,8.332139104411384,880
landmarks_P17_POSE.csv,P17,P,905,77,0.18130977030904588,0.0023856548724874456,0.07772572392574377,0.055488946424242666,0.06905028927232441,0.0029788949199341937,77,0.09311971303862973,0.0012252593820872334,-0.014503326451268903,-0.026846887226110144,-0.020292292348242064,0.002000977792596433,88,0.059150696594532204,0.0006798930643049678,-0.01132701511178028,-0.0180925375392041,-0.015648495903731137,0.0013526787317446247,88,0.059150696594532204,0.0006798930643049678,0.0180925375392041,0.01132701511178028,0.015648495903731137,0.0013526787317446247,102,0.07345704210588028,0.000727297446592874,-0.24017481637335517,-0.24984428626502778,-0.24333711450909792,0.001544777804976215,112,0.22961960139135718,0.0020686450575797943,-0.7009209465746832,-0.72232559327755,-0.7130539186217949,0.0039358140820522644,122,0.20537695900105402,0.0016973302396781323,-0.7244955996143152,-0.7550353615354344,-0.73758895238991,0.004448855985759952,86,0.13535915154458072,0.001592460606406832,-0.30011170034445656,-0.3161138011508751,-0.3077600572474434,0.0035811136024745814,85,0.06524273554889908,0.000776699232724989,-0.07922102220766565,-0.08720936338738554,-0.08316243495472328,0.0015749039042124713,94,0.07426880278318103,0.0007985892772385056,0.0022407058588571156,-0.00548630091997249,-0.0012379232023398512,0.0014622141483625133,0.5314306541915194,0.6446245147201729,517,414,1.1760551689116923,931
landmarks_P18_POSE.csv,P18,P,915,67,0.6643598332542711,0.010066058079610168,-0.15442486075765127,-0.25456756167714056,-0.19656332170750002,0.014284564099385692,97,0.7906326730517175,0.008235757010955391,0.2941928070087996,0.1476129351059993,0.20626100084358345,0.019429073493208337,47,0.9872778669325222,0.021462562324620047,0.06848176923946057,-0.10447018208396897,-0.004837894371894308,0.02418444469691839,47,0.9872778669325222,0.021462562324620047,0.10447018208396897,-0.06848176923946057,0.004837894371894308,0.02418444469691839,86,0.468172838241442,0.005507915744016965,-0.23965875411926243,-0.3739721054061402,-0.28201667158023175,0.018838884490256055,111,0.8257521578535882,0.007506837798668984,-0.3291363938836941,-0.4695215842893071,-0.362128839386952,0.025022371980535443,115,1.1891366470009535,0.010431023219306609,-0.29679978143414487,-0.5514027648038479,-0.34470160531432825,0.044262170586815565,76,0.6360984269237826,0.008481312358983768,-0.12004347630283599,-0.3037207764213686,-0.2620070428567205,0.031919172741391624,93,0.2916353100519742,0.003169949022304067,-0.06212081778192664,-0.12728478029241336,-0.09772144866661074,0.00822780085218045,91,0.5320462597903701,0.00591162510878189,0.033983655844760735,-0.016583167197051035,0.0010008071713651433,0.009697597033308051,4.189356388464449,3.183033491568694,437,393,7.372389880033143,830
landmarks_P19_POSE.csv,P19,P,918,86,0.06694568324828565,0.0007875962735092429,0.06082210848475481,0.042978877860554314,0.049309726836455244,0.0035940576388605455,77,0.06279544834549879,0.0008262558992828788,-0.011041427452006066,-0.025225275002483716,-0.015228136953363188,0.0033699007950147705,104,0.04100109274307204,0.00039806886158322367,-0.005286139770263003,-0.013203587204128378,-0.008336107302062317,0.0018618717379714881,104,0.04100109274307204,0.00039806886158322367,0.013203587204128378,0.005286139770263003,0.008336107302062317,0.0018618717379714881,114,0.07028658504280921,0.0006220051773699931,-0.27769681121621054,-0.2868661974572909,-0.2823862453075655,0.002132502021943065,137,0.19616524902650156,0.0014423915369595702,-0.7274334491747664,-0.7571190176948199,-0.7470170720204806,0.0081417919113364,129,0.1842565656900106,0.0014395044194532077,-0.7356296491247306,-0.7683464047377359,-0.7558985645178502,0.007513086051992177,93,0.13364233065154502,0.0014526340288211414,-0.30062348538150124,-0.32694896062987266,-0.3139099036301285,0.004620532731915867,128,0.05900943913431081,0.00046464125302606935,-0.09058331797639577,-0.09629956338769086,-0.0937259106981179,0.0013155087817932302,89,0.12225857998819237,0.0013893020453203677,-0.002329972956137059,-0.022832675692526082,-0.010623277178166498,0.0044611410063224955,0.34103934125704854,0.6363227253562496,613,448,0.977362066613298,1061
landmarks_P2_POSE.csv,P2,P,901,82,2.562840103150355,0.03164000127346117,0.1621529700632664,-0.06407999856197977,-0.009149462940462467,0.04117688039862249,60,2.0075029352349456,0.0340254734785584,0.18626727996969977,-0.10440352293315022,0.061667251420182485,0.03843411514144875,65,0.4221741505156561,0.0065964711018071265,0.014577569901679143,-0.0414392228328492,-0.010979007180976478,0.009527824572016336,65,0.4221741505156561,0.0065964711018071265,0.0414392228328492,-0.014577569901679143,0.010979007180976478,0.009527824572016336,98,0.3077413441549269,0.0031725911768549163,-0.2435152976805734,-0.26850643575597105,-0.25567348725989136,0.004624373058710751,73,5.609261538101837,0.0779064102514144,0.19966943158584996,-0.6695728452818113,-0.3691252559756165,0.1507960227122309,78,2.7805170508019312,0.03611061104937573,-0.01106497307013678,-0.7096898085122122,-0.4575491868616499,0.09935680524092055,82,0.6030856645532122,0.007445502031521139,-0.2926281792443388,-0.34807211363154156,-0.32240494522405966,0.01172019517464138,108,0.264214371893141,0.0024692931952630002,-0.0962836487585436,-0.11521301129692844,-0.1035062657462992,0.003599128387037483,87,0.5270898163852911,0.006128951353317338,0.015635258237591813,-0.03509314332005018,-0.010106166874532165,0.009937816509099773,5.9866470554646805,9.51995406984227,478,320,15.50660112530695,798
landmarks_P20_POSE.csv,P20,P,924,108,0.42915680088199254,0.004010811223196192,-0.06401692485493368,-0.1366703831966359,-0.09765388278631508,0.016577018818368715,101,0.6102877825102453,0.006102877825102453,0.20884357455704872,0.11804774825884079,0.1684832623744445,0.020655929849045802,80,0.3001253344324927,0.0037990548662340845,0.019718588911513502,-0.030877078150682125,-0.009807552481087407,0.014311016772115203,80,0.3001253344324927,0.0037990548662340845,0.030877078150682125,-0.019718588911513502,0.009807552481087407,0.014311016772115203,155,0.37218366809618364,0.002416777065559634,-0.34090825370804506,-0.3795159923922552,-0.3593550734124,0.006951315636985321,122,0.6624852936371616,0.005475085071381501,-0.5920644214876729,-0.6868013124578722,-0.6255000432087073,0.016605319503898,146,0.7493657649549543,0.0051680397583100295,-0.5536437418849609,-0.6585214885423031,-0.5806598831527262,0.016220049315816974,110,0.5945279104310366,0.005454384499367308,-0.25939069029379763,-0.3211091880173732,-0.29329745614681646,0.012130255924256017,116,0.29877437403107965,0.0025980380350528664,-0.10064403204388761,-0.1376189004081954,-0.12173374922178501,0.006197459087778956,122,0.3252840310390224,0.0026882977771820037,0.021188961261074748,-0.013594985742779054,0.0013441792202873845,0.007076421301027466,2.3106532943844864,2.331663000062175,640,500,4.642316294446662,1140
landmarks_P3_POSE.csv,P3,P,922,66,2.040740786944131,0.03139601210683279,0.09414894299829815,-0.12138314934373351,-0.013448553945996571,0.05484252720224277,70,1.6795231810701656,0.02434091566768356,0.08797151599934114,-0.07211607881576002,0.016676450324860245,0.04120425099859891,59,0.2920975946505271,0.005036165425009087,0.022916173105166394,-0.04373201673211145,-0.012633499004600658,0.009200600592156546,59,0.2920975946505271,0.005036165425009087,0.04373201673211145,-0.022916173105166394,0.012633499004600658,0.009200600592156546,95,0.40657214772888783,0.004325235614137104,-0.2553092834479203,-0.3041237684384116,-0.27504628781757634,0.00850496042099232,72,4.655507553376585,0.06557052892079697,0.12944108312549937,-0.6795034567599295,-0.32233501394543057,0.13952548228163428,73,2.3038381911216765,0.03199775265446773,-0.2199009237795285,-0.42334323296255755,-0.33975922671001507,0.0353779458028982,57,1.0514062514499585,0.018775111633034972,-0.18457378746702294,-0.31600892342921527,-0.2775832485217349,0.02462516629806372,106,0.31250230198822676,0.002976212399887874,-0.06486255170112538,-0.1066870456558516,-0.0927619293672162,0.007111439696891112,71,0.574306678671866,0.008204381123883801,0.04507282164385355,-0.036604487268115646,0.001800267870298973,0.019634666934370066,5.023533607032466,8.585058674620086,455,273,13.608592281652552,728
landmarks_P4_POSE.csv,P4,P,753,66,1.4862945675243815,0.022866070269605868,0.08928110293755667,-0.07779642409940976,-0.02288727123834376,0.03275256558463454,65,1.5372606325520661,0.024019697383626033,0.12358334309325429,-0.08144276871429082,0.02445257032097383,0.0356538484772175,60,0.3395870421861631,0.005755712579426493,0.0064732569447105825,-0.021403920366876793,-0.003562420714708271,0.005674347300443303,60,0.3395870421861631,0.005755712579426493,0.021403920366876793,-0.0064732569447105825,0.003562420714708271,0.005674347300443303,114,0.30012552415550986,0.0026559780898717687,-0.2521198821064537,-0.2854210476981718,-0.267323232458608,0.008291785520409474,66,2.209117171805248,0.033986418027773045,-0.2659754685291267,-0.7230189545245606,-0.5257306581306169,0.16502702996817342,61,4.170194092370969,0.06950323487284948,0.19148555301549633,-0.7103367299270845,-0.4743046777532846,0.185692435387427,105,0.3536329117728779,0.0034003164593545956,-0.27012390726634494,-0.31031609478304994,-0.2902724594446239,0.010517553677777167,106,0.21185886636302637,0.0020177034891716798,-0.0947358287043876,-0.11062668484798874,-0.10443244761614182,0.002864618471794727,75,0.2996387819570416,0.004049172729149211,0.01190114991211298,-0.015521813495781061,-0.00403507566422754,0.0058019575788113955,4.21471367496731,7.032582957906136,471,307,11.247296632873446,778
landmarks_P5_POSE.csv,P5,P,930,90,0.7788239127990662,0.008750830480888384,-0.01926157501235523,-0.13612983020362296,-0.06150809481441651,0.014562283984958265,92,0.7559734277167951,0.008307400304580166,0.13057568144147397,0.03354365916018074,0.08828030128160429,0.014153644712410807,86,0.5543729631849164,0.006522034860999016,0.06012337472538083,-0.03891826907506971,-0.0022631234517148293,0.013420027123541583,86,0.5543729631849164,0.006522034860999016,0.03891826907506971,-0.06012337472538083,0.0022631234517148293,0.013420027123541583,131,0.2170981478890442,0.0016699857529926475,-0.2626017745646817,-0.28440927572220814,-0.270360069241108,0.004291865477971022,115,0.8033936612816257,0.007047312818259875,-0.6087034417400938,-0.7127161947831764,-0.6545812642164553,0.01706214002782871,125,0.37692770892160365,0.003039739588077449,-0.6218587029064198,-0.685707395519294,-0.6479935830323525,0.010590227594546437,118,0.2670713646379095,0.0022826612362214487,-0.2528933973591938,-0.3073704374017095,-0.2858562429878294,0.00988875693386196,141,0.1468509595889548,0.0010489354256353915,-0.09769376270229271,-0.11137563607722509,-0.10359002445467005,0.0022381218524400548,101,0.2589983134603902,0.002589983134603902,0.020503469624108112,-0.005708430339130748,0.005317413961142711,0.00599568548434596,3.007492374363693,1.706391048301529,626,459,4.713883422665222,1085
landmarks_P6_POSE.csv,P6,P,916,58,1.8056547895281698,0.03167815420224859,0.09929489567356282,-0.1407683253929804,-0.03690712406300999,0.052122262472018434,45,1.7237065830033396,0.03917514961371226,0.1524449694917917,-0.11947833026000257,0.06675889495275948,0.05733107924173301,65,0.23732537907600668,0.0037082090480626043,0.008992715766982719,-0.027595606631074708,-0.0069192495062497085,0.006563738416259711,65,0.23732537907600668,0.0037082090480626043,0.027595606631074708,-0.008992715766982719,0.0069192495062497085,0.006563738416259711,112,0.29964163983596503,0.0026994742327564416,-0.26734830709104046,-0.29438979658996306,-0.28444734078048833,0.005053034985556001,84,1.8547092325313863,0.022345894367848028,-0.24731925370482521,-0.7624903180484395,-0.4421487558066889,0.1461105571996264,94,1.0893447397774279,0.01171338429868202,-0.32554114723019995,-0.7830530311125572,-0.49602487439345444,0.14022760485275693,102,0.45382963176771635,0.004493362690769468,-0.2591140021115739,-0.3240066426134138,-0.28371798383935104,0.010125981612187673,108,0.19410484558261124,0.0018140639774075816,-0.07688587255705912,-0.11642915334490471,-0.10747334858622591,0.005741104279874048,96,0.3670945131576933,0.003864152770080982,0.05211289526572292,-0.013519256158912663,0.015276036851396828,0.013872526089736565,4.497758616102099,3.764978117234224,453,376,8.262736733336324,829
landmarks_P7_POSE.csv,P7,P,921,70,3.1342470533199602,0.04542387033797044,0.18107585892676262,-0.09747610259862166,0.01233610675169948,0.04909945636209924,80,1.6837329148572215,0.0213130748716104,0.1336218275629843,-0.09505404154961208,0.017569078895706233,0.03520157146881995,64,0.4640166468985182,0.0073653436015637804,0.030514120984244525,-0.03596666713055866,0.00021106779859622642,0.013891002686330596,64,0.4640166468985182,0.0073653436015637804,0.03596666713055866,-0.030514120984244525,-0.00021106779859622642,0.013891002686330596,118,0.448538795323356,0.003833664917293641,-0.24865766804749895,-0.28741115554236163,-0.26653552339670783,0.006377883900313232,91,5.720497102928821,0.06356107892143134,-0.07439907105982738,-0.7760833985534723,-0.4781828833897324,0.175806548424024,104,2.628932215971545,0.02552361374729655,-0.22274735155410616,-0.6805925630694427,-0.49092647600991335,0.1579877929645412,97,0.7507977160132848,0.00782080954180505,-0.2484914160702699,-0.32707070069993416,-0.2922967976484765,0.014462219098798699,154,0.3360169214025323,0.002196189028774721,-0.07788390967840272,-0.10300319194006846,-0.08856830141264106,0.003805759760585277,104,0.29809397481593447,0.0028941162603488783,0.01579256503561189,-0.018399963618717395,0.0015688480822128631,0.00723583320454493,6.530568978700106,9.398321009729585,550,396,15.928889988429692,946
landmarks_P8_POSE.csv,P8,P,922,87,1.6261234662972575,0.018908412398805318,0.1627656784105969,-0.1263111848854204,-0.036771686034411034,0.0608044617563795,67,2.281351690676042,0.03456593470721276,0.22229723206617172,-0.09873703800723124,0.11024967484683082,0.06694023352509094,77,0.7507950973735241,0.009878882860177948,0.036388833738230514,-0.037208686172598454,-0.01096879180757484,0.01548270766575588,77,0.7507950973735241,0.009878882860177948,0.037208686172598454,-0.036388833738230514,0.01096879180757484,0.01548270766575588,128,0.5158053361650903,0.0040614593398826,-0.26559767855754546,-0.31478594258199416,-0.28328378145723,0.008897019990357597,96,3.0308866597549207,0.031904070102683375,-0.09247160039169901,-0.7987212647550885,-0.6575313870720314,0.09230018786631519,102,4.6297336427487545,0.04583894695790846,0.018009815244146514,-0.8193423997353142,-0.6249059457154914,0.1461732214496905,95,0.9778995162570852,0.010403186343160481,-0.20117430375026432,-0.33396072553715284,-0.28843668168054404,0.021617728940381567,165,0.35415818807129495,0.0021595011467761887,-0.06322451903420281,-0.1031763809697542,-0.09293385860087422,0.005127467852742501,93,0.6415010684533196,0.0069728377005795605,0.009557887395485421,-0.05968436017192039,-0.024565912716972494,0.016532541874677214,6.279028875956733,9.28002088721408,601,386,15.559049763170814,987
landmarks_P9_POSE.csv,P9,P,929,97,0.2200254886688462,0.0022919321736338144,-0.07029381851393997,-0.09585331008082312,-0.08327008660684414,0.004403238395182808,100,0.2120776397169148,0.0021421983809789373,0.11408245053607824,0.08893920755633208,0.10328654516804885,0.005045830258031282,64,0.1359817292042312,0.002158440146098908,-7.923480547700258e-05,-0.017945401793264325,-0.007596345086951711,0.0033425106417710694,64,0.1359817292042312,0.002158440146098908,0.017945401793264325,7.923480547700258e-05,0.007596345086951711,0.0033425106417710694,83,0.29612600297455277,0.003611292719201863,-0.2527972326379654,-0.2889460461185059,-0.26809056908920187,0.006333631644491312,75,0.8378173118055687,0.011321855564940118,-0.6204419391527775,-0.7486349839535972,-0.6687068350264069,0.01764882769717392,61,0.9090419230237983,0.015150698717063305,-0.6088701340961734,-0.7423647154425114,-0.662129989891642,0.018638503150708793,95,0.6325308450289859,0.006729051542861552,-0.2345875290503487,-0.31777421230088027,-0.2776061236918666,0.01788708635057685,79,0.24153665287279624,0.003096623754779439,-0.08397550530832815,-0.10894423742503376,-0.09874257202119334,0.004403972472317085,55,0.48171178769102957,0.008920588660944992,0.020240319383281406,-0.04017951751094953,-0.01061366552538909,0.0109439115462938,1.2417292426415725,2.8611018675493827,487,286,4.102831110190955,773
landmarks_SZ1_POSE.csv,SZ1,SZ,923,77,0.9399560280484037,0.012367842474321102,0.059322468858421254,-0.18955156765409623,-0.06642106241318531,0.08912973647085438,81,0.7383742245307316,0.009229677806634145,0.2536587378637563,-0.0569882273878317,0.0516092139310774,0.1268369393827034,96,0.16361650683251633,0.0017222790192896456,0.0066591710417999,-0.021265124141080206,-0.0065053190348662105,0.00897676923831375,96,0.16361650683251633,0.0017222790192896456,0.021265124141080206,-0.0066591710417999,0.0065053190348662105,0.00897676923831375,123,0.26622931141644396,0.00218220747062659,-0.23790537040262336,-0.2788757547457113,-0.2597586851401633,0.008368641694282176,85,2.0230439241679044,0.024083856240094098,0.5062165773975054,-0.31492070401066463,-0.08011711300974435,0.25349510947347736,103,2.0842962559836278,0.02043427701944733,-0.069576055020449,-0.6256292756949041,-0.42529398605988594,0.1900420122578068,121,0.5859710118906657,0.0048830917657555475,-0.21260432237879967,-0.2886000767808655,-0.25629871606716154,0.017611904396048855,138,0.1650346611766709,0.0012046325633333643,-0.07817756701593975,-0.0946284540223902,-0.08588893229623759,0.0035665183303013413,76,0.4930967906432782,0.00657462387524371,0.06339837535338244,-0.060418804004684634,-0.018077347774298702,0.03594848831271849,2.436827238837283,5.186407982685476,611,385,7.623235221522759,996
landmarks_SZ10_POSE.csv,SZ10,SZ,911,82,0.485704095149071,0.005996346853692235,0.0894692523938824,-0.05300203405634004,0.03578229934328177,0.02302997344712912,83,0.8021086038367399,0.009781812241911462,0.1346905309782785,-0.10876160625778782,-0.04014654186984622,0.08293397686787064,110,0.20458926560081128,0.0018769657394569843,0.02467292547864492,-0.029761735037844128,0.01587250782904836,0.008530275360624414,110,0.20458926560081128,0.0018769657394569843,0.029761735037844128,-0.02467292547864492,-0.01587250782904836,0.008530275360624414,131,0.2352592412721215,0.0018096864713240115,-0.2702868266268218,-0.2927909246981969,-0.2816241319414648,0.006118091081504547,146,2.1483830022060793,0.01481643449797296,-0.055014987991937825,-0.8547293067014206,-0.7701472491664128,0.17751246641820398,158,3.1483559162243915,0.020053222396333704,0.1581816880614261,-0.8242175662291309,-0.5904804462028654,0.3223114991908805,134,0.4431549025999864,0.0033319917488720784,-0.16996044119140535,-0.25068603145966184,-0.21860484873953004,0.01724587486045089,144,0.1292167379601212,0.0009036135521686798,-0.08802947108979235,-0.11013351707813826,-0.0994999603207573,0.004043009788346636,129,0.2102752951290168,0.0016427757431954437,0.01606755349797951,-0.028545882231603748,0.000438521861252079,0.0068403029189751255,2.061467209419676,5.950169116159474,660,567,8.01163632557915,1227
landmarks_SZ11_POSE.csv,SZ11,SZ,903,146,0.2084271293326555,0.0014374284781562448,0.12077125850222885,0.05640848737680486,0.06757540910407454,0.013715983326295275,119,0.5663153646700209,0.004799282751440855,0.055967489581150096,-0.0813455468827741,-0.03308507169150922,0.017011514397113542,129,0.09743038428256569,0.0007611748772075444,-0.002822124445819786,-0.03040872479244313,-0.010290779499902272,0.004300591889935342,129,0.09743038428256569,0.0007611748772075444,0.03040872479244313,0.002822124445819786,0.010290779499902272,0.004300591889935342,148,0.12882896802087868,0.0008763875375569978,-0.2637572255808106,-0.2813285527881254,-0.2692501582327521,0.0020998693989269057,139,0.3917919845599469,0.002839072351883673,-0.6544587977371156,-0.7177135553473176,-0.687289885637599,0.007223145432981772,142,2.0987741323859783,0.014884922924723251,0.188124931820088,-0.739152011159628,-0.6357784672079251,0.22405990849416033,129,0.24720847089242892,0.001931316178847101,-0.23158653681978922,-0.29714951049302046,-0.2719550845067909,0.009346897507096816,132,0.07281025212183519,0.000555803451311719,-0.07967626718658231,-0.09311171618678739,-0.08921445847643486,0.0010681098566686497,139,0.12598429221472907,0.0009129296537299207,0.009260524915794655,-0.01044936710943631,-0.005655731422101914,0.004340270728717794,1.1712424827105217,2.863758880053083,803,549,4.035001362763605,1352
landmarks_SZ12_POSE.csv,SZ12,SZ,903,109,0.1127949044380182,0.0010443972633149834,0.05318732502856847,0.03079362313509107,0.045651026634748196,0.0029028282644569217,104,0.11201450906908364,0.001087519505525084,-0.010872979701672867,-0.035075081845700316,-0.01604021162811911,0.0039167084628518156,105,0.07627484758203103,0.0007334119959810676,0.0039001309448325923,-0.019080263349677096,-0.01150078866661294,0.003110778133226697,105,0.07627484758203103,0.0007334119959810676,0.019080263349677096,-0.0039001309448325923,0.01150078866661294,0.003110778133226697,118,0.09906693319356497,0.0008467259247313245,-0.2717784916888836,-0.283173207623332,-0.27648706071603424,0.0017072729378246065,108,0.2817641973159387,0.002633310255289147,-0.6749722507948362,-0.7164965783760511,-0.6905924969305396,0.005888928854303976,127,0.26925505163068086,0.002136944854211753,-0.6871456099619438,-0.7175783869393033,-0.703295323281115,0.005398367026965735,114,0.21570296160932512,0.0019088757664542046,-0.28908995858159703,-0.3106017075499405,-0.3006809068903146,0.004714216138294751,124,0.05437222960439764,0.0004420506471902247,-0.09030218796712378,-0.09501916207148246,-0.09315631698454616,0.0007946065403366961,107,0.10648697253028017,0.001004594080474341,-0.006529331637206245,-0.017428478367791152,-0.013741683858597482,0.0020815479187065245,0.5307982714691265,0.8732091830862249,665,456,1.4040074545553514,1121
landmarks_SZ13_POSE.csv,SZ13,SZ,910,95,0.7087875892775973,0.0075402935029531635,0.05632097207006901,-0.05444711383919163,-0.018251673777859155,0.029881285831852514,98,0.7680333433037966,0.007917869518595841,0.13357489518743507,-0.07619556177054318,0.06868448660588437,0.0501924655325461,85,0.21051593412137762,0.002506142072873543,0.01301233432685267,-0.026585525647178636,-0.00250113035353013,0.008293179003635487,85,0.21051593412137762,0.002506142072873543,0.026585525647178636,-0.01301233432685267,0.00250113035353013,0.008293179003635487,141,0.3294885741837025,0.0023534898155978747,-0.24704678561249924,-0.2886401013348018,-0.26234262202758163,0.010300357853232717,91,1.2549245778018143,0.013943606420020158,-0.18156381174431716,-0.7121002265374918,-0.4294548297213443,0.12079223625923947,108,1.8893274927417665,0.01765726628730623,-0.1923659578266915,-0.742892229581255,-0.41767466136956755,0.14683480715841232,134,0.7140991351493609,0.005369166429694442,-0.2047080141457363,-0.27042058806140934,-0.24091681825094416,0.012785307078924764,136,0.19265124923104343,0.0014270462906003218,-0.08400021110605643,-0.10057332129440352,-0.09375786088755154,0.0027947800616594056,174,0.21849248565424834,0.0012629623448222446,0.018194208072248717,-0.0041236082432569935,0.009596451405437453,0.00393698845320059,2.419992624238895,4.07684369134719,640,507,6.496836315586085,1147
landmarks_SZ14_POSE.csv,SZ14,SZ,909,79,0.11821556264289793,0.0015155841364474093,0.1020997570129093,0.08290757811290986,0.09039737459446741,0.004036477207909784,85,0.05463396372762388,0.0006504043300907604,-0.032639849090152454,-0.04185751128855121,-0.0367138858123269,0.0020202838889241655,139,0.04722032674384083,0.0003421762807524698,-0.02369113535160509,-0.031795447603761295,-0.028286800896650116,0.0017199792421912572,139,0.04722032674384083,0.0003421762807524698,0.031795447603761295,0.02369113535160509,0.028286800896650116,0.0017199792421912572,112,0.121967617461201,0.0010988073645153242,-0.26779589821825517,-0.28554740243814664,-0.27897893523401934,0.0029689638019096496,91,0.2927944638346698,0.0032532718203852197,-0.6289393434046577,-0.6806075068010035,-0.6554375122691803,0.010287107248536083,96,0.21978876683660653,0.0023135659667011216,-0.502633037489114,-0.538754930981558,-0.5234560369481663,0.006976341961524986,96,0.2896383431557017,0.00304882466479686,-0.21589526552657143,-0.2681156562328907,-0.23751609221250866,0.008915360229871189,100,0.05902703944662788,0.0005962327216831099,-0.08402835390450647,-0.09071443588028281,-0.08750026265043796,0.0010496180573458613,87,0.08907453175663363,0.0010357503692631817,-0.011402917751393064,-0.036443463599659234,-0.020813013037794703,0.004532617647768427,0.4482848367660323,0.8912961055836116,654,370,1.3395809423496439,1024
landmarks_SZ15_POSE.csv,SZ15,SZ,905,120,0.5823385335637157,0.004893601122384165,0.10341212867734204,-0.08792362905564437,-0.010861492356560419,0.07461434484389384,111,0.4821528849309489,0.004383208044826808,0.08499341503951567,-0.08822527539626476,0.02383429469443646,0.06264078008874473,176,0.0901577865526938,0.0005151873517296789,-0.0016992060376446333,-0.014815598356141371,-0.007098910710592514,0.004564740392857566,176,0.0901577865526938,0.0005151873517296789,0.014815598356141371,0.0016992060376446333,0.007098910710592514,0.004564740392857566,134,0.17605416208869157,0.0013237155044262523,-0.2552247153373278,-0.2786526100795072,-0.2702220741774516,0.005655568831993399,127,0.828421130377596,0.006574770876012667,-0.4389789844044395,-0.6800836897106151,-0.6375480966507078,0.04201193192664083,140,0.7267587615290625,0.005228480298770234,-0.4254230800342171,-0.7030678335549908,-0.6402062333279438,0.05091520377596963,135,0.34747019685248526,0.002593061170540935,-0.2617202495708112,-0.30749781663290665,-0.28579210597588284,0.009194112169844764,127,0.10050198542262928,0.0007976348049415022,-0.08329472681167163,-0.09829250797363243,-0.09249263247627337,0.0036374664214418873,117,0.1817236998899086,0.0015665836197405914,0.020945872953591647,-0.010580347853073442,-0.0009553889937062433,0.00586633791149269,1.521363139111373,2.0843737886490525,844,519,3.6057369277604256,1363
landmarks_SZ16_POSE.csv,SZ16,SZ,902,144,0.318056643464758,0.0022241723319213844,0.13890346856688493,0.059098936484044504,0.08954045910873648,0.021755026334012835,83,0.5888095824754251,0.007180604664334453,0.07450873241087004,-0.06277641491153682,-0.002232412995275902,0.030366636691214595,93,0.24775943721594285,0.002693037361042857,0.002689589558116505,-0.04579263437856554,-0.020301081891632836,0.008056944389855249,93,0.24775943721594285,0.002693037361042857,0.04579263437856554,-0.002689589558116505,0.020301081891632836,0.008056944389855249,156,0.24316173442316286,0.0015687853833752442,-0.26191307272759823,-0.291386890242657,-0.27418202146754195,0.007482167027329099,123,0.8031720596255658,0.006583377537914474,-0.6362813829098602,-0.7870570908692357,-0.731547118063582,0.028575403041296774,117,1.9427955446569483,0.01674823745393921,0.01648450420710268,-0.7590126081629323,-0.4776538926121731,0.24531513973142546,121,0.5105786915542654,0.004254822429618878,-0.1679046755671844,-0.277123019171143,-0.24424446800717928,0.03147292756546531,150,0.14981055172920268,0.0010054399444912932,-0.08418045526553793,-0.10592313242592684,-0.09501982914971038,0.005239362372940401,95,0.2627425724343928,0.002795133749302051,0.016971437681229364,-0.0224314859936151,-0.00273951973054116,0.009161816811101673,1.7953573865244343,3.5192888682711723,719,456,5.314646254795607,1175
landmarks_SZ17_POSE.csv,SZ17,SZ,919,110,0.34036855468183286,0.003122647290659017,0.13361398575132022,0.0369091308600049,0.0667698595040019,0.025758753676468286,112,0.5512080751876367,0.004965838515203934,-0.023254269243875275,-0.12439067917705511,-0.06639405575465206,0.009973711841364908,110,0.13721877874668703,0.0012588878784099728,0.0236443354731819,-0.03836027701276835,0.002885892367411296,0.021489429834955536,110,0.13721877874668703,0.0012588878784099728,0.03836027701276835,-0.0236443354731819,-0.002885892367411296,0.021489429834955536,117,0.2448388517869553,0.0021106797567840975,-0.25196705530238606,-0.2834948069615911,-0.27196026909326054,0.004998024921262774,113,0.7209602074383762,0.006437144709271216,-0.4946357165666516,-0.6766576993625159,-0.5860968997741396,0.0569865077019804,107,0.7488467620435862,0.007064592094750814,-0.46049059062738174,-0.7361142264075712,-0.5834440770423163,0.09891501878915998,105,0.6336580643209919,0.0060928660030864605,-0.22337149194318462,-0.3012507936458514,-0.25341816920534466,0.016820247205086437,127,0.15807861984461158,0.0012545922209889807,-0.0754405351032128,-0.09430877815346449,-0.08791464880355315,0.003962487328830951,98,0.21738497349969343,0.0022410822010277675,0.041918766211699106,-0.02538907200000612,0.012090380057576032,0.012600362911879572,1.5689316589944104,2.320850007302648,686,423,3.8897816662970586,1109
landmarks_SZ18_POSE.csv,SZ18,SZ,908,51,0.22014434809382882,0.004402886961876577,0.0800428171917191,0.04724422239377056,0.06152421937568048,0.006546202608170824,57,0.24886121519137722,0.004443950271274593,-0.03396050219946855,-0.06055704863503397,-0.046950659339340554,0.006705370594120279,70,0.17428038603889712,0.0025258026962159,0.005052719461372696,-0.019356507052288103,-0.006758052429222937,0.00531354898102898,70,0.17428038603889712,0.0025258026962159,0.019356507052288103,-0.005052719461372696,0.006758052429222937,0.00531354898102898,115,0.1004907615702913,0.0008814979085113272,-0.2778511229847318,-0.291136780504644,-0.2816273751301523,0.003310933791029522,67,0.46023021138006626,0.006973185020910095,-0.7108785166607511,-0.773123841542294,-0.7409067928290239,0.014686787894185484,109,0.2900765861851631,0.002685894316529288,-0.7201895546961798,-0.7750172750303271,-0.7424954222095911,0.01067179550668908,87,0.15895749120565142,0.0018483429209959468,-0.24066808475081974,-0.2715920856625534,-0.2627141784398563,0.008101902730729346,112,0.08841164476713466,0.0007965013042084203,-0.0942957432591393,-0.10051140002204192,-0.09750593725177584,0.0013919432823842352,67,0.15787829028815697,0.002392095307396318,-0.0012264469877321636,-0.019316666989280667,-0.011122165698823702,0.004899069597358548,1.0064687417004263,1.0671425790590376,475,330,2.073611320759464,805
landmarks_SZ19_POSE.csv,SZ19,SZ,913,72,0.6428617329670918,0.009054390605170307,0.14310122472396408,0.03051662738297108,0.06634075682915654,0.022289970896448536,68,0.46535864936935367,0.0069456514831246815,-0.032534245528954765,-0.14279890001054096,-0.07570023391105037,0.01904848917707939,77,0.2832398978820339,0.0037268407616057094,0.026011798807749738,-0.015183033756788172,-0.002316881371951972,0.007563747195368713,77,0.2832398978820339,0.0037268407616057094,0.015183033756788172,-0.026011798807749738,0.002316881371951972,0.007563747195368713,119,0.3337727932533813,0.0028285829936727227,-0.29670653395663715,-0.3367288361095947,-0.3094448715255544,0.007736230678399764,76,2.5241161477458878,0.03365488196994517,-0.06463068124616492,-0.8200803165644066,-0.5683041800539326,0.1350417519255752,86,1.1974261398598123,0.01408736635129191,-0.48264406447627933,-0.8374455669264014,-0.642162268105069,0.12185238983831552,101,0.5728220047601531,0.005728220047601531,-0.1466322122117257,-0.2480190470929609,-0.21491692045623528,0.01764645648131743,128,0.1689001211393435,0.0013299222136956182,-0.09617664835815011,-0.1130373988082773,-0.1024708355569209,0.002827912218167589,112,0.23348851463564324,0.002103500131852642,-0.00406539951193864,-0.043431134484283214,-0.015561882005258659,0.008323678853910506,2.177373092493238,4.527852807001496,541,375,6.705225899494734,916
landmarks_SZ2_POSE.csv,SZ2,SZ,912,81,0.5904995749714267,0.007381244687142833,0.1025053047445376,-0.2335723006862464,0.02413943008845966,0.07085578183687101,104,0.8211038245454039,0.00797188179170295,0.17325482253282723,-0.09618712212251795,-0.0026901106939526895,0.04823702206428131,110,0.07987209154610785,0.0007327714820743839,-0.0006898157388281727,-0.012285350710904011,-0.006715274044815099,0.002279033971266572,110,0.07987209154610785,0.0007327714820743839,0.012285350710904011,0.0006898157388281727,0.006715274044815099,0.002279033971266572,108,0.15814812326581826,0.001478019843605778,-0.237649759975583,-0.2644962256146638,-0.2566434057574498,0.005303265727890185,114,0.8384422900834624,0.007419843275074888,-0.2737967901629214,-0.6231092544451658,-0.545893569229433,0.08006566659114346,108,1.2023007861521562,0.011236455945347255,-0.2665538205974845,-0.6661573014196067,-0.5237639466873076,0.07448691405986514,118,0.2572206935543069,0.002198467466276127,-0.26308616023596737,-0.3180010926139867,-0.30279368255555983,0.009162231920626686,119,0.10996140942070687,0.0009318763510229395,-0.08875391200243964,-0.10281535630809166,-0.09590329057158432,0.002286582900829415,113,0.1523835983995554,0.0013605678428531731,0.000254578264473633,-0.03308841565750188,-0.0223126646493989,0.007196231464683777,1.8394571152955714,2.450347368189481,632,453,4.289804483485052,1085
landmarks_SZ20_POSE.csv,SZ20,SZ,914,93,1.0685602083390675,0.011614784873250733,0.037136271277478906,-0.20291316658358888,-0.09514182434976343,0.08491289911190521,91,1.236113805268885,0.013734597836320944,0.2071994398007638,-0.07204022746593543,0.09200306477366064,0.09663477029028877,72,0.24543478224247128,0.0034568279189080464,0.04071864560636267,-0.004871044666581205,0.010022247275952577,0.00949459483503424,72,0.24543478224247128,0.0034568279189080464,0.004871044666581205,-0.04071864560636267,-0.010022247275952577,0.00949459483503424,108,0.385090612833951,0.0035989776900369253,-0.2490098173543443,-0.2883792379272835,-0.27086550422855915,0.007946017931871148,100,2.2501128615799315,0.022728412743231632,-0.20612457462170344,-0.8443447829222205,-0.4551213024138587,0.20965607283821436,82,3.273032719687691,0.04040781135416902,0.21366801686457534,-0.7659365750858292,-0.44379072534558095,0.2270714679891166,79,0.8220742422692919,0.01053941336242682,-0.21203992427549867,-0.3284400375477653,-0.27900988689251827,0.026954233016247893,108,0.24164356725346847,0.0022583510958268083,-0.08863945974198394,-0.1153681274726781,-0.10065309098189741,0.006514623906388082,73,0.6875462027360828,0.009549252815778928,0.04972903800123468,-0.034921900605563175,0.00025330677086047595,0.02228773927161428,3.4222777581803143,7.032766026272997,544,334,10.455043784453311,878
landmarks_SZ3_POSE.csv,SZ3,SZ,751,64,1.2914764726920607,0.02049962655066763,0.14065651754433045,0.013544387125021099,0.08211926015308149,0.025260143551976845,56,0.6794338657774709,0.012353343014135834,-0.035759918108975754,-0.13581524546530196,-0.06940223449991825,0.0151664287246442,62,0.43911797344573333,0.007198655302389071,0.037961089423245886,-0.03586398875447803,-0.005546307566898208,0.011177408929221814,62,0.43911797344573333,0.007198655302389071,0.03586398875447803,-0.037961089423245886,0.005546307566898208,0.011177408929221814,125,0.19698480968087984,0.0015885871748458052,-0.23471181959391574,-0.24761046224610003,-0.24152752137119593,0.0024671629645896084,61,2.8248207013865763,0.04708034502310961,0.2306394168195392,-0.759383711633594,-0.567255345982033,0.2814460911478569,73,0.9321297554249547,0.012946246603124371,-0.6027803630985742,-0.7253285046052048,-0.6631992631882733,0.019366600562790475,74,0.3908038975896512,0.0053534780491733035,-0.23219769146333955,-0.27062417674207817,-0.24799475895409503,0.0074069097465156485,89,0.19566710255121544,0.0022234898017183574,-0.07887739058234364,-0.09646856398412444,-0.0915121300499048,0.002845816289649302,77,0.4473225287978414,0.005885822747340019,0.08192245525711872,0.011400467541254077,0.042559695094929954,0.009782296701892209,3.2417981975930936,4.595076883199024,458,285,7.836875080792117,743
landmarks_SZ5_POSE.csv,SZ5,SZ,924,108,0.5594566857702051,0.0052285671567308895,0.08012416656639879,-0.014181319683117038,0.01941862257397908,0.016997777692043265,76,2.080671750034651,0.02774229000046201,0.11041926645969055,-0.13660318235340393,0.012721710380657184,0.04472814984684707,89,0.4960302572093499,0.005636707468288067,0.03176371544117524,-0.030253794062227057,-0.0003906867546880592,0.015852338247154495,89,0.4960302572093499,0.005636707468288067,0.030253794062227057,-0.03176371544117524,0.0003906867546880592,0.015852338247154495,115,0.4275693044557095,0.003750607933822013,-0.2530603922287791,-0.29401129032927314,-0.26929424625472775,0.0074733093909145915,121,1.3063210272923087,0.01088600856076924,-0.45837856601290444,-0.8393245327259677,-0.6974428664087868,0.12293778382205607,90,4.624434761357451,0.05195994113884776,-0.023703701506348464,-0.7289340448528276,-0.346100444919373,0.1583746746537705,95,0.7434393287205917,0.007908929028942465,-0.18942202321980597,-0.300163038937763,-0.24849170829231632,0.024801898071271724,127,0.25569875763537697,0.002029355219328389,-0.0715042895609278,-0.10302866524604157,-0.09193261979119671,0.006877163091179429,66,0.5056508216514006,0.007779243410021548,0.0362266062142243,-0.039283020951409425,0.007485607369486577,0.018369235966612902,4.315457012314642,7.179845939021752,604,372,11.495302951336395,976
landmarks_SZ6_POSE.csv,SZ6,SZ,907,76,0.7616100334108472,0.010154800445477962,0.11601392845497313,0.0030831278743141933,0.08393653619548434,0.028832055622769175,66,1.125984886553638,0.017322844408517505,0.10026415795386726,-0.10065338807618356,-0.019776053220537645,0.07118309575557193,79,0.19308431683934565,0.0024754399594787905,-0.002881148200632386,-0.03039010431525515,-0.011733305581128856,0.005037468693908479,79,0.19308431683934565,0.0024754399594787905,0.03039010431525515,0.002881148200632386,0.011733305581128856,0.005037468693908479,112,0.27059543388317725,0.0024377967016502456,-0.23447548572846433,-0.26810886445672166,-0.2522934588222679,0.007859178959122927,97,3.83330109789017,0.03993021976968927,0.16572358910269833,-0.6693315278817785,-0.544706809978097,0.25519376526707194,83,3.734307421316378,0.045540334406297296,0.050583487669370666,-0.7182164462828134,-0.4580578931934189,0.3017844815776713,107,0.5984034941138218,0.005645315982205866,-0.2877704537896712,-0.3344155190845173,-0.3138026356497496,0.010501662458388442,132,0.1479213868951298,0.0011291708923292351,-0.07320467185396455,-0.08707192040039698,-0.08180846306092633,0.0022124982930800635,92,0.36479780357248,0.004008767072225055,0.03191556606547412,-0.035789988846378754,0.0029908035544603693,0.010177804459934572,2.6922803744214834,8.53080981689285,544,379,11.223090191314334,923
landmarks_SZ7_POSE.csv,SZ7,SZ,906,134,0.35126072497380223,0.002641058082509791,0.10736306095025885,0.026404487069433026,0.07186127305545123,0.019218867004703405,139,0.33847601150781836,0.0024527247210711475,-0.01770243391258011,-0.1019860068301087,-0.049491378263139596,0.018253445167456965,103,0.2844177126737279,0.002788408947781646,0.02605566344122883,-0.038986158349551235,-0.005496253347651566,0.02002781539082796,103,0.2844177126737279,0.002788408947781646,0.038986158349551235,-0.02605566344122883,0.005496253347651566,0.02002781539082796,177,0.221643703650157,0.001259339225284983,-0.2552818943223453,-0.28033612562276194,-0.2670017987865583,0.00568340869748509,146,0.7355944914832818,0.0050730654585053915,-0.7084216989371029,-0.8372762840879601,-0.7876764785157795,0.029512877543250864,166,0.7999858369087021,0.004848399011567891,-0.36481228613317973,-0.7983512149112088,-0.47619085614182466,0.1170505059143493,152,0.3985711866539638,0.0026395442824765814,-0.24642534228168791,-0.294282944456051,-0.2712048033287676,0.010069330857849666,200,0.15766254413363803,0.0007922740911238092,-0.08343041328426923,-0.09527596196831993,-0.0881564705600928,0.0022733110874403797,114,0.26022011646185206,0.0023028328890429385,0.02622029483366491,-0.020576742407870764,0.002764394447103119,0.013268828208110553,1.6378784096128713,2.1943716315077997,856,578,3.832250041120671,1434
landmarks_SZ8_POSE.csv,SZ8,SZ,908,128,0.036020722040214295,0.0002836277326001126,0.042141711780330306,0.033692113078445066,0.03560871193077925,0.0010360344556701647,119,0.05984293270970302,0.0005071434975398561,-0.0285656632604517,-0.03432940041414412,-0.03178914794663863,0.0011900473060316354,124,0.03149243717404851,0.0002560360745857602,-0.003268609746803404,-0.008556691736734092,-0.004994818419597743,0.0009759310918067643,124,0.03149243717404851,0.0002560360745857602,0.008556691736734092,0.003268609746803404,0.004994818419597743,0.0009759310918067643,101,0.09620718127335331,0.0009620718127335331,-0.25413718841958516,-0.2650701049945641,-0.2590819049295133,0.0025838930605108427,119,0.11010572718762662,0.0009330993829459883,-0.4820619642405338,-0.4996480933021914,-0.4901631410064609,0.004539900516194568,107,0.1283606724912052,0.0012109497404830679,-0.49520258528849626,-0.5167287242096904,-0.5052236909032483,0.005501386437331253,85,0.12931827678777758,0.0015395032950925901,-0.2789656574985262,-0.301473203749291,-0.2909781121924779,0.005486810932037459,91,0.05662813109492337,0.0006292014566102597,-0.08401768700042,-0.09281303272985843,-0.08932142273674874,0.0015647839077274795,113,0.07320454594963753,0.0006536120174074779,0.005964934453339919,-0.012067887224899081,-0.002952574999299535,0.002954769246411062,0.311683841466291,0.44098922241624694,687,424,0.752673063882538,1111
landmarks_SZ9_POSE.csv,SZ9,SZ,925,110,0.10298701075426395,0.0009448349610482931,0.09240360310616429,0.07005978634141512,0.07497028218924369,0.0037588433994407743,136,0.10683717376155301,0.0007913864723078001,-0.050377351425035764,-0.07846395454882611,-0.056515499083606334,0.00512347078915916,143,0.05563976420912879,0.00039182932541639994,-0.0011229927075255535,-0.011050538692365455,-0.006389669847892424,0.0024500652379906888,143,0.05563976420912879,0.00039182932541639994,0.011050538692365455,0.0011229927075255535,0.006389669847892424,0.0024500652379906888,156,0.07116173122529501,0.00045910794338900005,-0.2683289886210704,-0.27552553955571696,-0.27150117368295573,0.0013245658845097825,153,0.2199698061588634,0.0014471697773609435,-0.6813862591673135,-0.7264139775993861,-0.688980798346367,0.006712944976369255,163,0.22973202276619675,0.0014180989059641774,-0.7012192963754693,-0.7341971473064687,-0.7254839911316112,0.004880076989369861,142,0.17007665932565158,0.0012062174420258978,-0.23963818463726888,-0.28607134566845854,-0.2723135761480095,0.006355527810670017,140,0.04178620176770732,0.00030062015660221094,-0.08381872160161816,-0.09470614249380464,-0.08757922604509183,0.0013673110561967683,181,0.029351715131308194,0.0001630650840628233,-0.0030580200416308856,-0.006246191005144832,-0.004825606717808419,0.0006630452164422175,0.4340516459270769,0.64913020338202,828,639,1.083181849309097,1467
