obs_id,obs_age,obs_gender,obs_pro_sante
444,22,F,3
455,49,F,3
461,22,F,3
487,21,M,3
500,35,F,3
501,56,F,3
502,21,F,3
510,19,F,3
521,29,M,3
532,22,F,2
546,22,F,3
553,37,F,1
556,14,F,3
557,16,F,3
562,24,M,3
565,39,M,1
569,23,M,2
572,20,F,3
575,25,F,3
581,26,F,3
582,54,M,3
592,58,F,3
594,22,M,3
595,28,M,1
624,20,F,3
645,22,F,2
648,24,F,1
656,22,M,3
660,23,F,2
661,50,M,1
662,28,F,3
665,26,F,2
667,26,F,3
669,22,F,3
672,20,F,3
688,33,F,3
694,60,F,3
695,23,M,3
696,19,F,3
699,21,M,3
701,20,F,3
705,24,F,2
706,20,F,3
707,18,M,3
731,26,F,3
732,20,M,3
734,20,F,2
750,22,F,3
763,21,M,3
764,23,F,3
771,20,F,3
772,20,F,3
791,23,F,3
792,22,F,2
806,21,F,3
811,19,F,3
812,21,M,3
817,20,F,3
821,20,F,3
828,20,F,3
832,79,M,3
839,29,F,2
844,24,F,1
847,27,M,3
848,20,F,2
853,22,F,3
856,39,F,3
864,24,F,3
865,26,M,3
869,21,F,3
875,21,F,3
881,57,F,3
883,22,F,3
884,21,F,3
885,22,F,3
889,21,F,3
892,20,F,3
893,26,M,3
894,20,F,3
899,23,M,3
909,27,M,3
918,21,F,3
919,21,F,3
927,23,M,3
930,58,F,3
932,22,F,3
933,20,F,3
934,24,F,3
935,26,F,3
940,21,F,3
942,20,F,3
